Ticker,MCapM,MCapFinnhubM,SharesOutstandingM,MCapDivergenciaPct,MCapEstado,Pais,Industria,High52,Low52,regime_reporte,Nome,destino,motivo,faltas,Price,AvgVolN,RelVol,TendVol,RSI,SMA20_pct,Eco,Vol20d
SEER,114.3584,115.05724209345794,54.98,0.6110981733374654,COERENTE,US,Life Sciences Tools & Services,2.41,1.55,10-Q,"Seer, Inc. Class A Common Stock",PASSA_FASE0,,0,2.08,1029278.2841566508,1.777326410256393,2.611914063680655,55.49881003272724,0.3618817852834688,15.982835032083704,114.33341852481784
JAGU,31.900200000000005,31.90616813496933,20.19,0.018708769754804955,COERENTE,CA,Energy,5.5,1.41,10-Q,Jaguar Uranium Corp.,PASSA_FASE0,,0,1.58,108388.31550850796,1.3356052257186035,0.7505930141557925,39.24329390825788,-7.249779864983852,1.4154844830946185,57.43363299554326
ULCC,1493.635,1493.6305971107543,229.79,0.00029477678588074596,COERENTE,US,Airlines,8.405,3.02,10-Q,"Frontier Group Holdings, Inc. Common Stock",PASSA_FASE0,,0,6.5,4956148.076560618,1.2935483901651312,0.8083504796223271,50.65626664226596,-2.259313559640608,1.048185912104732,72.55676460816174
SNDL,312.204,312.3599931147541,260.17,0.04996512368646844,COERENTE,CA,Pharmaceuticals,2.89,1.165,20-F,Sundial Growers Inc. Common Shares,PASSA_FASE0,,0,1.2,2123974.2761137937,1.4185454451726036,0.8427810607940229,34.87252304562115,-7.156673114119927,1.6236845475383874,50.91465286137282
VRRM,774.741,774.7239442822968,151.91,0.0022014734863962104,COERENTE,US,Professional Services,25.57,3.4,10-Q,Verra Mobility Corporation Class A Common Stock,PASSA_FASE0,,0,5.1,6830147.231097444,3.825422712107015,0.602867273330481,58.245393304396565,20.304299109512325,1.0,83.77364753476246
TOP,78.3021,1305.0925609867256,37.11,1566.7401780881046,DIVERGENTE,HK,Financial Services,3.33,0.612,20-F,TOP Financial Group Limited Class A Ordinary Shares,PASSA_FASE0,,0,2.11,269641.32558995235,1.5678574336817208,1.9866008558463728,54.41953667588106,-1.0318949343339543,5.423719076725368,144.4528961499795
SOUN,2466.7889999999998,2483.3428596153844,432.77,0.6710691354381959,COERENTE,US,Technology,22.17,5.6501,10-Q,"SoundHound AI, Inc. Class A Common Stock",PASSA_FASE0,,0,5.7,30126663.560172524,1.5457976903247337,1.0991500675321932,33.99205608961752,-11.809074382083306,1.0689918890962091,55.38944667529483
HTZ,527.3191999999999,589.1786246912181,315.76,11.730925915691714,DIVERGENTE,US,Road & Rail,8.18,1.56,10-Q,"Hertz Global Holdings, Inc Common Stock",PASSA_FASE0,,0,1.67,16434319.005406808,1.5299848456272918,1.3375820442953372,27.564552226413667,-13.449080072557674,1.699250888408003,92.4478861552776
NRXS,74.7752,75.36294472281776,12.38,0.7860155811254987,COERENTE,US,Health Care,9.33,2.1963,10-Q,"Neuraxis, Inc.",PASSA_FASE0,,0,6.04,119038.22231998414,1.4089208592612184,0.6159059137553303,31.56179777075729,-12.628381310574277,1.0,41.75179507010135
RBBN,385.74659999999994,385.74455101463417,176.14,0.0005311739275981608,COERENTE,US,Communications,4.24,1.8,10-Q,Ribbon Communications Inc. Common Stock,PASSA_FASE0,,0,2.19,927350.8467836032,1.9417179713927424,0.840994774194495,46.9255347165665,0.3896401558560747,1.443033684161294,70.24213955483363
GAU,457.11749999999995,642.585898,261.21,40.57346262175483,DIVERGENTE,CA,Metals & Mining,4.91,1.77,20-F,Galiano Gold Inc.,PASSA_FASE0,,0,1.75,3060968.9310551584,2.1379033610998377,0.8946455966128859,39.94430005116553,-5.046120455778624,1.0,46.446668912096094
GTE,236.20479999999998,236.20405986854462,35.36,0.0003133431053736757,COERENTE,CA,Energy,9.74,3.09,10-Q,Gran Tierra Energy Inc.,PASSA_FASE0,,0,6.68,321755.03870722227,1.3772877754658543,0.8444110396593499,47.71964154621399,1.5506232897537051,1.2624916520200316,70.06348286309476
FIEE,26.656000000000002,27.291512084805653,8.33,2.3841239676082315,COERENTE,HK,Communications,10.59,1.5,10-Q,"FiEE, Inc Common Stock",PASSA_FASE0,,0,3.2,204326.4660503016,11.01648309689286,3.0686890937588585,41.63427872861101,-10.419474806177142,5.332420904012444,149.67418313197234
ACB,154.8183,237.238416,56.71,53.23667550929056,DIVERGENTE,CA,Pharmaceuticals,9.33,3.59,20-F,Aurora Cannabis Inc. Common Shares,PASSA_FASE0,,0,2.73,994351.203571508,1.312857519582738,1.2026367144192347,45.41540428505703,1.4869888475836257,1.242251938001342,28.73228564473964
GRAB,13701.5,13730.732537927533,4090.0,0.2133528294532283,COERENTE,SG,Road & Rail,6.62,3.18,20-F,Grab Holdings Limited Class A Ordinary Shares,PASSA_FASE0,,0,3.35,50380507.45582109,1.3780663871902932,0.8729122372548322,38.759148591349856,-8.56986899563319,1.1954671744576586,38.11448191110606
TLRY,482.0718,478.81156208933004,120.82,0.6762971637565118,COERENTE,CA,Pharmaceuticals,23.2,3.67,10-Q,"Tilray Brands, Inc. Common Stock",PASSA_FASE0,,0,3.99,3817332.0087793977,3.2379650260688924,1.017622566108708,31.70067056047057,-6.491680337473616,1.0,35.31771718006532
ALLO,624.7215,624.7297616686749,345.15,0.0013224562744884594,COERENTE,US,Biotechnology,4.46,0.98,10-Q,"Allogene Therapeutics, Inc. Common Stock",PASSA_FASE0,,0,1.81,8018947.374481476,1.560689444449591,1.017145366838664,44.133422794468096,-5.161121299449833,1.1500622532158349,56.31747265211543
UROY,444.16769999999997,561.027957,146.59,26.309940367118113,DIVERGENTE,CA,Energy,7.5,3.34,20-F,Uranium Royalty Corp. Common Stock,PASSA_FASE0,,0,3.03,2761208.392128793,2.281209701868165,1.0312470573786676,54.759968576404376,8.243279449852636,1.1193419540101832,68.22333140816546
BOOM,110.94739999999999,110.94093570695969,20.47,0.005826448425372277,COERENTE,US,Energy,9.2,4.69,10-Q,DMC Global Inc. Common Stock,PASSA_FASE0,,0,5.42,323428.03432668257,1.6945322624581949,0.6333536991026398,31.18159449565026,-12.524209167204647,1.0,50.44563061547238
AMIX,52.1437,2.4828909709090907,11.41,95.23836825750936,DIVERGENTE,US,Health Care,32.55,2.44,10-Q,"Autonomix Medical, Inc. Common Stock",PASSA_FASE0,,0,4.57,408244.0328072857,171.6093994993298,2.876584884372845,44.12388324951739,-9.16138265519091,1.0,216.71427829161493
AQST,451.62,451.68115404255326,125.45,0.013541039491893336,COERENTE,US,Pharmaceuticals,7.55,2.93,10-Q,"Aquestive Therapeutics, Inc. Common Stock",PASSA_FASE0,,0,3.6,1916976.7208985712,1.3484558207792512,0.9297093970214152,34.04316856624486,-10.26360067302302,1.181493302090976,38.51468116824462
STLA,17451.3572,19105.651255,2903.72,9.47945787849671,DIVERGENTE,NL,Automobiles,10.494,4.591,20-F,Stellantis N.V.,PASSA_FASE0,,0,6.01,18779660.00560019,1.8375063234687217,0.9921305800457928,51.610506604120566,5.024027959807764,1.0,33.66090968409613
CCO,1221.552,1221.560414876033,508.98,0.0006888676072014377,COERENTE,US,Media,2.43,0.9998,10-Q,"Clear Channel Outdoor Holdings, Inc. Common Stock",PASSA_FASE0,,0,2.4,7135629.206007539,1.9729503748482928,0.7404453650532101,46.12274591294001,-0.3735990037359804,1.0,5.473202128117471
ABEO,355.11,355.0797451744187,57.0,0.008519846126919806,COERENTE,US,Biotechnology,7.54,4.0,10-Q,Abeona Therapeutics Inc. Common Stock,PASSA_FASE0,,0,6.23,1234216.7223040636,1.3843286183640575,1.1498857756513703,47.861465410344834,-5.4843358871273455,1.5266245531379006,53.2314009914488
ALVO,1101.8894999999998,1378.2230025580645,312.15,25.078150082931614,DIVERGENTE,LU,Biotechnology,9.94,2.94,20-F,Alvotech Ordinary Shares,PASSA_FASE0,,0,3.53,730146.1006595398,4.158327804174284,0.8338035622783212,54.08336903750089,5.216095380029806,1.0,67.60125442238696
HDSN,245.6888,245.68173037662336,42.07,0.0028774707583778536,COERENTE,US,Trading Companies & Distributors,10.52,4.64,10-Q,Hudson Technologies Inc,PASSA_FASE0,,0,5.84,523978.390176508,1.2176656655975302,1.0224955740118813,43.57416374322794,-5.547468866246175,1.7447382951052772,41.19875297278165
RWT,586.0296,586.0096553832975,125.22,0.003403346298969101,COERENTE,US,Real Estate,6.97,4.19,10-Q,"Redwood Trust, Inc.",PASSA_FASE0,,0,4.68,2368913.574357603,1.3644398588051114,1.878640860804085,37.846173100150345,-4.606604158173678,10.4888679026309,42.78467728142785
WIMI,44.124,30.34,36.77,31.239234883510115,DIVERGENTE,CN,Media,5.65,1.07,20-F,WiMi Hologram Cloud Inc. Class B Ordinary Shares,PASSA_FASE0,,0,1.2,181242.29759030163,1.4663066758221277,0.3723566240983322,34.69515550246122,-9.24560408394781,1.0,53.98978395730251
BRAI,1154.104,1154.0941683520277,206.09,0.0008518857895212228,COERENTE,AU,Technology,98.99,5.15,20-F,Braiin Limited Common Stock,PASSA_FASE0,,0,5.6,405140.2257589205,2.714971897815261,1.332655385100974,44.73762317771276,-2.434775033755832,8.035351908564763,103.0408778041437
XXI,2834.6775,3909.9,651.65,37.93103448275863,DIVERGENTE,US,Financial Services,31.2,4.17,10-Q,"Twenty One Capital, Inc.",PASSA_FASE0,,0,4.35,1432520.73511546,1.2327853404088165,1.0956398798635525,28.943662084358067,-14.697519364643597,3.361528562455792,62.27468626187439
EPRX,388.16939999999994,558.54537,65.02,43.89216924363439,DIVERGENTE,CA,Biotechnology,12.86,6.94,20-F,Eupraxia Pharmaceuticals Inc. Common Stock,PASSA_FASE0,,0,5.97,321668.86378601595,2.4402390616493497,0.9394719721318194,42.27998658629446,-7.088942494747519,1.1487317291066206,59.76343723466053
INVE,60.985400000000006,60.97578034456929,24.01,0.015773702280741375,COERENTE,US,Electrical Equipment,5.3,2.43,10-Q,"Identive, Inc.",PASSA_FASE0,,0,2.54,210429.12878893653,2.364433646917037,1.1383476975025335,32.60695130663896,-7.560731507597119,1.6388793938202972,48.09155215835484
OPK,1030.69785,1018.7380426363636,755.09,1.1603601738022884,COERENTE,US,Health Care,1.73,0.98,10-Q,Opko Health Inc.,PASSA_FASE0,,0,1.365,3418444.355237809,2.6934533293412266,1.2705043002646044,51.92710369864773,3.194103194103226,3.756772078657912,129.84420222885424
SIGA,239.54479999999998,239.55845600000004,71.72,0.005700812541142852,COERENTE,US,Pharmaceuticals,9.62,3.01,10-Q,SIGA Technologies Inc.,PASSA_FASE0,,0,3.34,617230.4793127779,1.6399949219261512,1.324818934709924,39.5040525501217,-4.174436953091398,3.918453342015756,56.81456482191276
HCTI,3.1668,3.163341202453988,2.03,0.10922058690197023,COERENTE,US,Health Care,1225.2,1.4634,10-Q,"Healthcare Triangle, Inc. Common Stock",PASSA_FASE0,,0,1.56,206814.25310009523,3.121969193063815,0.6233079393254383,35.03182980097809,-12.359550561797771,1.8886845628494184,83.19258160891484
AVIR,369.7386,369.72521941463424,80.03,0.0036189311491408027,COERENTE,US,Pharmaceuticals,6.45,2.78,10-Q,"Atea Pharmaceuticals, Inc. Common Stock",PASSA_FASE0,,0,4.62,347445.88820928574,2.136508961869939,1.015715990175498,46.70802687309016,-3.739972913845213,1.8759199857445683,45.030314557242846
DTI,80.4706,80.46852785398231,35.14,0.0025750348794373323,COERENTE,US,Energy,4.69,1.65,10-Q,Drilling Tools International Corporation Common Stock,PASSA_FASE0,,0,2.29,291694.8828741746,1.5299085776300756,0.84258784083682,50.30157615169857,3.2927379341452623,1.596061641949895,36.09318412119373
FIP,446.6448,446.6582152941176,118.16,0.003003571096682478,COERENTE,US,Road & Rail,7.935,3.74,10-Q,FTAI Infrastructure Inc. Common Stock,PASSA_FASE0,,0,3.78,1082563.703015746,1.4018450618419878,0.8121211168623601,32.935058095817666,-12.48987151290658,1.0,43.005987335060645
ALT,567.8524,567.864524347826,194.47,0.0021351231105137813,COERENTE,US,Biotechnology,6.44,2.56,10-Q,"Altimmune, Inc. Common Stock",PASSA_FASE0,,0,2.92,3905036.370090937,2.1258087287037704,1.0358451135206466,50.149384558859246,-1.4013169002194847,2.0650368270141626,40.51312854276794
WHWK,196.8348,224.28,53.78,13.943266129769727,DIVERGENTE,US,Biotechnology,5.495,1.57,10-Q,"Whitehawk Therapeutics, Inc. Common Stock",PASSA_FASE0,,0,3.66,488026.9920216985,1.472331370880512,1.03849630388193,38.321145806271296,-6.153846153846143,1.4494230708456597,43.04621418071249
UPB,348.8322,348.8320958375,54.42,2.9860345462928706e-05,COERENTE,US,Biotechnology,33.68,5.85,10-Q,"Upstream Bio, Inc. Common Stock",PASSA_FASE0,,0,6.41,573272.1444258412,1.2259065386891683,0.8389617580996322,35.2957711339178,-9.635581870726728,1.15179019801011,45.099570924239
BHC,1747.8863999999999,2390.244176,373.48,36.75054488667,DIVERGENTE,CA,Pharmaceuticals,11.97,6.1,10-Q,Bausch Health Companies Inc,PASSA_FASE0,,0,4.68,2269915.431687063,1.6089314673016832,0.8658959922300183,46.61515887971457,-0.9628610729023324,1.0,33.886678622285984
CLVT,1374.323,1374.3155117291667,639.22,0.0005448697892318499,COERENTE,GB,Professional Services,4.77,1.66,10-Q,Clarivate Plc,PASSA_FASE0,,0,2.15,6732938.057471506,1.6263451912714022,1.080488211749806,46.96544008462271,-5.223716111968269,2.2965061336737493,109.52946990356652
BRSP,651.4,651.3902757633589,130.28,0.001492821099335906,COERENTE,US,Real Estate,6.165,4.92,10-Q,"BrightSpire Capital, Inc.",PASSA_FASE0,,0,5.0,1406868.2557737296,2.1475374944375205,1.1625244865317683,30.38775217104057,-6.305631031574988,1.269950523764959,26.06214502383603
NKLR,343.76699999999994,540.3494178620689,70.3,57.18478442144503,DIVERGENTE,IT,Electrical Equipment,21.905,3.73,10-Q,Terra Innovatum Global N.V. Ordinary shares,PASSA_FASE0,,0,4.89,340936.55252804764,1.2885069403253862,0.8540966242033982,46.6103658239577,-0.9620253164556836,1.5803025529799195,73.33788999239106
MBI,274.5127,274.5344781666667,50.93,0.007933391302739068,COERENTE,US,Insurance,8.26,4.72,10-Q,MBIA Inc.,PASSA_FASE0,,0,5.39,370265.4575829524,1.6095423732214733,0.9813799091962072,28.616677465339563,-13.524787421787266,1.2682855071723556,32.008382451434144
CRDL,132.52599999999998,195.962813,115.24,47.86744714244755,DIVERGENTE,CA,Pharmaceuticals,2.33,1.225,20-F,Cardiol Therapeutics Inc. Class A Common Shares,PASSA_FASE0,,0,1.15,536825.2204991747,1.7065311531342415,1.6182359242963988,50.02321537354128,1.715903060321966,3.607076788583983,64.9206099792977
XFOR,377.28,381.05,94.32,0.9992578456319068,COERENTE,US,Biotechnology,4.83,1.35,10-Q,"X4 Pharmaceuticals, Inc. Common Stock",PASSA_FASE0,,0,4.0,647361.0769088889,1.352590570888209,1.0029434136706357,51.33774313912214,1.3813204916994115,1.2926931341161056,77.3999870810337
JBLU,2127.9543999999996,2127.9482271666666,372.02,0.0002900829704333141,COERENTE,US,Airlines,6.5,3.87,10-Q,JetBlue Airways Corp,PASSA_FASE0,,0,5.72,29255208.092029706,3.0791096320177407,1.2089383517091323,53.84768300913353,2.2067363530777984,1.0,67.04827986820321
RIG,5526.378000000001,5527.278994238477,1116.44,0.016303521736604765,COERENTE,CH,Energy,7.66,2.72,10-Q,Transocean LTD.,PASSA_FASE0,,0,4.95,36527217.98452206,1.3966659846599463,1.1313309109137062,38.60887704830687,-3.920807453416131,1.184971709943028,39.60963024990829
DMAC,340.52160000000003,340.54271965060246,53.88,0.006202147118550272,COERENTE,US,Biotechnology,10.4195,4.0145,10-Q,DiaMedica Therapeutics Inc. Common Stock,PASSA_FASE0,,0,6.32,202433.70235023813,1.3986970598903683,1.075309267773188,37.60952944562349,-13.228530239582604,1.6900808313597837,48.41718605372159
ENGS,78.28125,54.11655697340426,31.25,30.86906893617021,DIVERGENTE,GB,Construction,12.48,0.57,20-F,Energys Group Limited Ordinary Shares,PASSA_FASE0,,0,2.505,666833.6156498413,1.5357731487351478,1.6883833874177423,48.61480672520829,-8.501506711715844,3.563269850569803,75.49903538091573
BTMD,76.6632,76.66586383928572,37.58,0.0034747300996063046,COERENTE,US,Pharmaceuticals,4.75,1.27,10-Q,Biote Corp. Class A Common Stock,PASSA_FASE0,,0,2.04,274651.7522423175,2.406622454146345,0.7671130315906928,41.25679614342616,-10.428100987925347,1.0,74.37228460783813
NG,2540.5362,2540.53997842268,438.78,0.00014872540214927454,COERENTE,CA,Metals & Mining,14.4,5.07,10-Q,NovaGold Resources Inc.,PASSA_FASE0,,0,5.79,4097789.951507857,1.2111734858663812,1.2464261607463962,42.36906545172719,-1.421639567549171,5.2474516937859965,66.51196465344411
EVLV,998.2785,998.2862472053572,179.87,0.0007760565170045197,COERENTE,US,Electrical Equipment,8.91,4.865,10-Q,"Evolv Technologies Holdings, Inc. Class A Common Stock",PASSA_FASE0,,0,5.55,2680861.393534715,1.277323135931704,0.7211954553295014,44.67272123700549,-4.417463187806758,1.3574634254466749,48.002121362985946
GRCE,32.177600000000005,33.84997546666667,15.47,5.197328162034043,DIVERGENTE,US,Pharmaceuticals,5.18,1.79,10-Q,"Grace Therapeutics, Inc. Common Stock",PASSA_FASE0,,0,2.08,311294.66622990475,4.35875236744629,0.604798839801206,28.68705812259131,-12.916056102156148,1.0,45.87362345420059
EU,205.905,315.26880310515173,194.25,53.11371899912665,DIVERGENTE,US,Energy,5.88,1.6,10-Q,enCore Energy Corp.,PASSA_FASE0,,0,1.06,3069209.614326984,1.2349405916269212,0.7882720787663503,33.042673979388226,-13.68078175895765,1.2429202818636913,62.7256905293772
ORC,1316.5919999999999,1309.3985965540332,200.7,0.54636542269485,COERENTE,US,Real Estate,8.4,6.415,10-Q,"Orchid Island Capital, Inc.",PASSA_FASE0,,0,6.56,4968213.680268984,1.385728312677417,1.0024966754506408,40.92972886247192,-2.901124925991716,1.0265963276552743,18.084860809340466
BYRN,98.24770000000001,98.26223004030226,22.69,0.014789191301423088,COERENTE,US,Aerospace & Defense,30.62,3.165,10-Q,"Byrna Technologies, Inc. Common Stock",PASSA_FASE0,,0,4.33,701189.3148287144,2.5176659629236364,1.7511735062448166,47.48111229545358,-1.4509246088193373,3.022469514309489,172.54914405476848
JELD,110.272,110.2736898245614,86.15,0.001532414902594148,COERENTE,US,Building,6.975,0.925,10-Q,"JELD-WEN Holding, Inc.",PASSA_FASE0,,0,1.28,1726976.7430257304,1.4324094436164294,0.7041430857147809,48.70942018346516,5.090311986863694,1.0,75.19555925996599
YYGH,11.712499999999999,1.32,9.37,88.7299893276414,DIVERGENTE,SG,Commercial Services & Supplies,5175.0,1.02,20-F,YY Group Holding Limited Class A Ordinary Shares,PASSA_FASE0,,0,1.25,1499405.581458396,1.4331385054095347,1.0269934610632416,26.78468475165799,-1.5360378101614836,5.968461686699161,134.19801962275017
GMM,5.244700000000001,5.7135,1.79,8.938547486033489,DIVERGENTE,CN,Media,161.75,1.8,20-F,Global Mofy AI Limited Class A Ordinary Shares,PASSA_FASE0,,0,2.93,4272609.80670781,5.394644226956731,2.1019894391537357,36.26807947355217,4.530859793078856,6.012282890880953,375.7063450834373
PYPD,78.21360000000001,77.85960614400001,19.17,0.45259885237349806,COERENTE,IL,Pharmaceuticals,5.73,3.06,20-F,PolyPid Ltd. Ordinary Shares,PASSA_FASE0,,0,4.08,200407.43979644444,2.173868859980962,1.7284878375597896,41.94705047573962,-14.85809682804674,5.117685972602976,138.01742341386696
ZTG,32.123200000000004,17.95,11.81,44.12138267669473,DIVERGENTE,MO,Professional Services,4.4289,1.35,DESCONHECIDO,Zenta Group Company Limited Class A Ordinary Shares,PASSA_FASE0,,2,2.72,365834.9914436032,1.5026358398107027,0.2331371717125593,50.92332732616787,-1.6985905312612792,1.0,126.5815484556279
DCX,21.405600000000003,21.410958093126386,19.82,0.02503126810919909,COERENTE,CN,Automobiles,3408.0,0.6301,20-F,Digital Currency X Technology Inc. Class A Ordinary Shares,PASSA_FASE0,,0,1.08,581768.9181886667,18.655199029598872,2.3658416409020746,48.15701902238348,18.92570446962438,1.5823884059950797,148.87373020537711
JBDI,23.0263,11.512584212962965,19.03,50.00245713396001,DIVERGENTE,SG,Packaging,6.0,0.78,20-F,JBDI Holdings Limited Ordinary Shares,PASSA_FASE0,,0,1.21,122478.04636714287,4.175273327001626,0.8851924693749433,50.38496957608604,-1.6260162601625994,1.0,120.47696379714436
USIO,54.372,54.36411090769231,27.6,0.014509476031210333,COERENTE,US,Financial Services,2.62,1.03,10-Q,"Usio, Inc. Common Stock",PASSA_FASE0,,0,1.97,133838.86992692063,1.5102713592125343,1.2239627638756694,46.24975802663858,-9.425287356321832,2.1169799338665176,75.26634528512214
