Ticker,MCapM,MCapFinnhubM,SharesOutstandingM,MCapDivergenciaPct,MCapEstado,Pais,Industria,High52,Low52,regime_reporte,Nome,destino,motivo,faltas,Price,AvgVolN,RelVol,TendVol,RSI,SMA20_pct,Eco,Vol20d,High52_pct,Low52_pct,queda_sem_rec
SEER,114.3584,115.05724209345794,54.98,0.6110981733374654,COERENTE,US,Life Sciences Tools & Services,2.41,1.55,10-Q,"Seer, Inc. Class A Common Stock",PASSA_FASE0,,0,2.08,1029278.2841566508,1.777326410256393,2.611914063680655,55.49881003272724,0.3618817852834688,15.982835032083704,114.33341852481784,-13.692946058091293,34.19354838709678,False
SNDL,312.204,312.3599931147541,260.17,0.0499651236864684,COERENTE,CA,Pharmaceuticals,2.89,1.165,20-F,Sundial Growers Inc. Common Shares,PASSA_FASE0,,0,1.2,2123974.2761137937,1.4185454451726036,0.8427810607940229,34.87252304562115,-7.156673114119927,1.6236845475383874,50.91465286137282,-58.47750865051904,3.0042918454935563,False
TOP,78.3021,1305.0925609867256,37.11,1566.7401780881046,DIVERGENTE,HK,Financial Services,3.33,0.612,20-F,TOP Financial Group Limited Class A Ordinary Shares,PASSA_FASE0,,0,2.11,269641.32558995235,1.5678574336817208,1.9866008558463728,54.41953667588106,-1.0318949343339543,5.423719076725368,144.4528961499795,-36.636636636636645,244.77124183006532,False
NRXS,74.7752,75.36294472281776,12.38,0.7860155811254987,COERENTE,US,Health Care,9.33,2.1963,10-Q,"Neuraxis, Inc.",PASSA_FASE0,,0,6.04,119038.22231998414,1.4089208592612184,0.6159059137553303,31.56179777075729,-12.628381310574277,1.0,41.75179507010135,-35.2625937834941,175.00796794609116,False
RBBN,385.7466,385.74455101463417,176.14,0.0005311739275981,COERENTE,US,Communications,4.24,1.8,10-Q,Ribbon Communications Inc. Common Stock,PASSA_FASE0,,0,2.19,927350.8467836032,1.9417179713927424,0.840994774194495,46.9255347165665,0.3896401558560747,1.443033684161294,70.24213955483363,-48.34905660377359,21.666666666666657,False
GAU,457.1175,642.585898,261.21,40.57346262175483,DIVERGENTE,CA,Metals & Mining,4.91,1.77,20-F,Galiano Gold Inc.,PASSA_FASE0,,0,1.75,3060968.9310551584,2.1379033610998377,0.8946455966128859,39.94430005116553,-5.046120455778624,1.0,46.446668912096094,-64.35845213849288,-1.1299435028248594,False
GTE,236.2048,236.20405986854465,35.36,0.0003133431053736,COERENTE,CA,Energy,9.74,3.09,10-Q,Gran Tierra Energy Inc.,PASSA_FASE0,,0,6.68,321755.03870722227,1.3772877754658543,0.8444110396593499,47.71964154621399,1.5506232897537051,1.2624916520200316,70.06348286309476,-31.416837782340867,116.18122977346279,False
ACB,154.8183,237.238416,56.71,53.23667550929056,DIVERGENTE,CA,Pharmaceuticals,9.33,3.59,20-F,Aurora Cannabis Inc. Common Shares,PASSA_FASE0,,0,2.73,994351.203571508,1.312857519582738,1.2026367144192347,45.41540428505703,1.4869888475836257,1.242251938001342,28.73228564473964,-70.7395498392283,-23.955431754874645,False
UROY,444.1677,561.027957,146.59,26.309940367118116,DIVERGENTE,CA,Energy,7.5,3.34,20-F,Uranium Royalty Corp. Common Stock,PASSA_FASE0,,0,3.03,2761208.392128793,2.281209701868165,1.0312470573786676,54.759968576404376,8.243279449852636,1.1193419540101832,68.22333140816546,-59.60000000000001,-9.281437125748504,False
BOOM,110.9474,110.94093570695968,20.47,0.0058264484253722,COERENTE,US,Energy,9.2,4.69,10-Q,DMC Global Inc. Common Stock,PASSA_FASE0,,0,5.42,323428.03432668257,1.6945322624581949,0.6333536991026398,31.18159449565026,-12.524209167204647,1.0,50.44563061547238,-41.086956521739125,15.565031982942411,False
AMIX,52.1437,2.4828909709090907,11.41,95.23836825750936,DIVERGENTE,US,Health Care,32.55,2.44,10-Q,"Autonomix Medical, Inc. Common Stock",PASSA_FASE0,,0,4.57,408244.0328072857,171.6093994993298,2.876584884372845,44.12388324951739,-9.16138265519091,1.0,216.71427829161493,-85.96006144393242,87.29508196721314,False
AQST,451.62,451.68115404255326,125.45,0.0135410394918933,COERENTE,US,Pharmaceuticals,7.55,2.93,10-Q,"Aquestive Therapeutics, Inc. Common Stock",PASSA_FASE0,,0,3.6,1916976.7208985712,1.3484558207792512,0.9297093970214152,34.04316856624486,-10.26360067302302,1.181493302090976,38.51468116824462,-52.317880794701985,22.866894197952227,False
ABEO,355.11,355.0797451744187,57.0,0.0085198461269198,COERENTE,US,Biotechnology,7.54,4.0,10-Q,Abeona Therapeutics Inc. Common Stock,PASSA_FASE0,,0,6.23,1234216.7223040636,1.3843286183640575,1.1498857756513703,47.861465410344834,-5.4843358871273455,1.5266245531379006,53.2314009914488,-17.374005305039788,55.750000000000014,False
HDSN,245.6888,245.68173037662336,42.07,0.0028774707583778,COERENTE,US,Trading Companies & Distributors,10.52,4.64,10-Q,Hudson Technologies Inc,PASSA_FASE0,,0,5.84,523978.390176508,1.2176656655975302,1.0224955740118813,43.57416374322794,-5.547468866246175,1.7447382951052772,41.19875297278165,-44.48669201520913,25.86206896551724,False
EPRX,388.1694,558.54537,65.02,43.89216924363439,DIVERGENTE,CA,Biotechnology,12.86,6.94,20-F,Eupraxia Pharmaceuticals Inc. Common Stock,PASSA_FASE0,,0,5.97,321668.86378601595,2.4402390616493497,0.9394719721318194,42.27998658629446,-7.088942494747519,1.1487317291066206,59.76343723466053,-53.57698289269051,-13.976945244956784,False
INVE,60.985400000000006,60.97578034456929,24.01,0.0157737022807413,COERENTE,US,Electrical Equipment,5.3,2.43,10-Q,"Identive, Inc.",PASSA_FASE0,,0,2.54,210429.12878893653,2.364433646917037,1.1383476975025335,32.60695130663896,-7.560731507597119,1.6388793938202972,48.09155215835484,-52.075471698113205,4.526748971193406,False
SIGA,239.5448,239.55845600000004,71.72,0.0057008125411428,COERENTE,US,Pharmaceuticals,9.62,3.01,10-Q,SIGA Technologies Inc.,PASSA_FASE0,,0,3.34,617230.4793127779,1.6399949219261512,1.324818934709924,39.5040525501217,-4.174436953091398,3.918453342015756,56.81456482191276,-65.28066528066527,10.963455149501655,False
AVIR,369.7386,369.72521941463424,80.03,0.0036189311491408,COERENTE,US,Pharmaceuticals,6.45,2.78,10-Q,"Atea Pharmaceuticals, Inc. Common Stock",PASSA_FASE0,,0,4.62,347445.88820928574,2.136508961869939,1.015715990175498,46.70802687309016,-3.739972913845213,1.8759199857445683,45.030314557242846,-28.372093023255818,66.18705035971225,False
DTI,80.4706,80.46852785398231,35.14,0.0025750348794373,COERENTE,US,Energy,4.69,1.65,10-Q,Drilling Tools International Corporation Common Stock,PASSA_FASE0,,0,2.29,291694.8828741746,1.5299085776300756,0.84258784083682,50.30157615169857,3.2927379341452623,1.596061641949895,36.09318412119373,-51.1727078891258,38.787878787878796,False
FIP,446.6448,446.6582152941176,118.16,0.0030035710966824,COERENTE,US,Road & Rail,7.935,3.74,10-Q,FTAI Infrastructure Inc. Common Stock,PASSA_FASE0,,0,3.78,1082563.703015746,1.4018450618419878,0.8121211168623601,32.935058095817666,-12.48987151290658,1.0,43.005987335060645,-52.36294896030246,1.0695187165775222,False
WHWK,196.8348,224.28,53.78,13.943266129769729,DIVERGENTE,US,Biotechnology,5.495,1.57,10-Q,"Whitehawk Therapeutics, Inc. Common Stock",PASSA_FASE0,,0,3.66,488026.9920216985,1.472331370880512,1.03849630388193,38.321145806271296,-6.153846153846143,1.4494230708456597,43.04621418071249,-33.393994540491356,133.12101910828025,False
NKLR,343.76699999999994,540.3494178620689,70.3,57.18478442144503,DIVERGENTE,IT,Electrical Equipment,21.905,3.73,10-Q,Terra Innovatum Global N.V. Ordinary shares,PASSA_FASE0,,0,4.89,340936.55252804764,1.2885069403253862,0.8540966242033982,46.6103658239577,-0.9620253164556836,1.5803025529799195,73.33788999239106,-77.676329605113,31.099195710455763,False
MBI,274.5127,274.5344781666667,50.93,0.007933391302739,COERENTE,US,Insurance,8.26,4.72,10-Q,MBIA Inc.,PASSA_FASE0,,0,5.39,370265.4575829524,1.6095423732214733,0.9813799091962072,28.616677465339563,-13.524787421787266,1.2682855071723556,32.008382451434144,-34.745762711864415,14.194915254237284,False
CRDL,132.52599999999998,195.962813,115.24,47.86744714244755,DIVERGENTE,CA,Pharmaceuticals,2.33,1.225,20-F,Cardiol Therapeutics Inc. Class A Common Shares,PASSA_FASE0,,0,1.15,536825.2204991747,1.7065311531342415,1.6182359242963988,50.02321537354128,1.715903060321966,3.607076788583983,64.9206099792977,-50.64377682403433,-6.122448979591855,False
XFOR,377.28,381.05,94.32,0.9992578456319068,COERENTE,US,Biotechnology,4.83,1.35,10-Q,"X4 Pharmaceuticals, Inc. Common Stock",PASSA_FASE0,,0,4.0,647361.0769088889,1.352590570888209,1.0029434136706357,51.33774313912214,1.3813204916994115,1.2926931341161056,77.3999870810337,-17.18426501035197,196.29629629629628,False
DMAC,340.52160000000003,340.54271965060246,53.88,0.0062021471185502,COERENTE,US,Biotechnology,10.4195,4.0145,10-Q,DiaMedica Therapeutics Inc. Common Stock,PASSA_FASE0,,0,6.32,202433.70235023813,1.3986970598903683,1.075309267773188,37.60952944562349,-13.228530239582604,1.6900808313597837,48.41718605372159,-39.34449829646336,57.4293187196413,False
ENGS,78.28125,54.11655697340426,31.25,30.86906893617021,DIVERGENTE,GB,Construction,12.48,0.57,20-F,Energys Group Limited Ordinary Shares,PASSA_FASE0,,0,2.505,666833.6156498413,1.5357731487351478,1.6883833874177423,48.61480672520829,-8.501506711715844,3.563269850569803,75.49903538091573,-79.92788461538461,339.47368421052636,False
BTMD,76.6632,76.66586383928572,37.58,0.0034747300996063,COERENTE,US,Pharmaceuticals,4.75,1.27,10-Q,Biote Corp. Class A Common Stock,PASSA_FASE0,,0,2.04,274651.7522423175,2.406622454146345,0.7671130315906928,41.25679614342616,-10.428100987925347,1.0,74.37228460783813,-57.05263157894736,60.629921259842526,False
BYRN,98.2477,98.26223004030226,22.69,0.014789191301423,COERENTE,US,Aerospace & Defense,30.62,3.165,10-Q,"Byrna Technologies, Inc. Common Stock",PASSA_FASE0,,0,4.33,701189.3148287144,2.5176659629236364,1.7511735062448166,47.48111229545358,-1.4509246088193373,3.022469514309489,172.54914405476848,-85.85891574134553,36.808846761453395,False
JELD,110.272,110.2736898245614,86.15,0.0015324149025941,COERENTE,US,Building,6.975,0.925,10-Q,"JELD-WEN Holding, Inc.",PASSA_FASE0,,0,1.28,1726976.7430257304,1.4324094436164294,0.7041430857147809,48.70942018346516,5.090311986863694,1.0,75.19555925996599,-81.64874551971326,38.378378378378365,False
PYPD,78.21360000000001,77.85960614400001,19.17,0.452598852373498,COERENTE,IL,Pharmaceuticals,5.73,3.06,20-F,PolyPid Ltd. Ordinary Shares,PASSA_FASE0,,0,4.08,200407.43979644444,2.173868859980962,1.7284878375597896,41.94705047573962,-14.85809682804674,5.117685972602976,138.01742341386696,-28.79581151832461,33.33333333333333,False
USIO,54.372,54.36411090769231,27.6,0.0145094760312103,COERENTE,US,Financial Services,2.62,1.03,10-Q,"Usio, Inc. Common Stock",PASSA_FASE0,,0,1.97,133838.86992692063,1.5102713592125343,1.2239627638756694,46.24975802663858,-9.425287356321832,2.1169799338665176,75.26634528512214,-24.809160305343514,91.26213592233007,False
