Ticker,Nome,destino,motivo,faltas,Price,AvgVolN,RelVol,TendVol,RSI,SMA20_pct,Eco,Vol20d
SEER,"Seer, Inc. Class A Common Stock",PASSA_FASE0,,0,2.08,1029278.2841566509,1.777326410256393,2.611914063680655,55.498810032727235,0.3618817852834688,15.982835032083704,114.33341852481784
JAGU,Jaguar Uranium Corp.,PASSA_FASE0,,0,1.58,108388.31550850795,1.3356052257186037,0.7505930141557925,39.24329390825788,-7.249779864983852,1.4154844830946183,57.43363299554326
ULCC,"Frontier Group Holdings, Inc. Common Stock",PASSA_FASE0,,0,6.5,4956148.076560618,1.2935483901651312,0.8083504796223271,50.656266642265955,-2.2593135596406078,1.048185912104732,72.55676460816174
SNDL,Sundial Growers Inc. Common Shares,PASSA_FASE0,,0,1.2,2123974.2761137937,1.4185454451726036,0.8427810607940229,34.87252304562115,-7.156673114119927,1.6236845475383874,50.91465286137282
VRRM,Verra Mobility Corporation Class A Common Stock,PASSA_FASE0,,0,5.1,6830147.231097444,3.825422712107015,0.602867273330481,58.245393304396565,20.304299109512325,1.0,83.77364753476246
TOP,TOP Financial Group Limited Class A Ordinary Shares,PASSA_FASE0,,0,2.11,269641.32558995235,1.5678574336817208,1.9866008558463732,54.41953667588106,-1.0318949343339545,5.423719076725368,144.4528961499795
SOUN,"SoundHound AI, Inc. Class A Common Stock",PASSA_FASE0,,0,5.7,30126663.560172524,1.5457976903247335,1.0991500675321932,33.99205608961752,-11.809074382083306,1.0689918890962091,55.38944667529483
HTZ,"Hertz Global Holdings, Inc Common Stock",PASSA_FASE0,,0,1.67,16434319.005406808,1.5299848456272918,1.3375820442953372,27.564552226413667,-13.449080072557674,1.6992508884080033,92.44788615527759
NRXS,"Neuraxis, Inc.",PASSA_FASE0,,0,6.04,119038.22231998414,1.4089208592612184,0.6159059137553303,31.561797770757295,-12.628381310574277,1.0,41.751795070101345
RBBN,Ribbon Communications Inc. Common Stock,PASSA_FASE0,,0,2.19,927350.8467836032,1.9417179713927426,0.840994774194495,46.9255347165665,0.3896401558560747,1.4430336841612939,70.24213955483363
GAU,Galiano Gold Inc.,PASSA_FASE0,,0,1.75,3060968.9310551584,2.1379033610998377,0.8946455966128859,39.94430005116553,-5.046120455778624,1.0,46.446668912096094
GTE,Gran Tierra Energy Inc.,PASSA_FASE0,,0,6.68,321755.03870722227,1.3772877754658543,0.8444110396593499,47.719641546213985,1.5506232897537053,1.2624916520200316,70.06348286309476
FIEE,"FiEE, Inc Common Stock",PASSA_FASE0,,0,3.2,204326.46605030156,11.01648309689286,3.0686890937588585,41.63427872861101,-10.419474806177142,5.332420904012444,149.67418313197234
ACB,Aurora Cannabis Inc. Common Shares,PASSA_FASE0,,0,2.73,994351.2035715079,1.3128575195827379,1.2026367144192347,45.41540428505703,1.4869888475836257,1.2422519380013421,28.73228564473964
GRAB,Grab Holdings Limited Class A Ordinary Shares,PASSA_FASE0,,0,3.35,50380507.45582109,1.3780663871902932,0.8729122372548322,38.759148591349856,-8.56986899563319,1.1954671744576586,38.11448191110606
TLRY,"Tilray Brands, Inc. Common Stock",PASSA_FASE0,,0,3.99,3817332.0087793977,3.2379650260688924,1.017622566108708,31.70067056047057,-6.491680337473616,1.0,35.317717180065316
ALLO,"Allogene Therapeutics, Inc. Common Stock",PASSA_FASE0,,0,1.81,8018947.374481476,1.5606894444495907,1.0171453668386639,44.133422794468096,-5.161121299449833,1.1500622532158347,56.31747265211543
UROY,Uranium Royalty Corp. Common Stock,PASSA_FASE0,,0,3.03,2761208.3921287935,2.281209701868165,1.0312470573786676,54.759968576404376,8.243279449852636,1.1193419540101832,68.22333140816546
BOOM,DMC Global Inc. Common Stock,PASSA_FASE0,,0,5.42,323428.03432668257,1.6945322624581947,0.6333536991026398,31.18159449565026,-12.524209167204647,1.0,50.44563061547238
AMIX,"Autonomix Medical, Inc. Common Stock",PASSA_FASE0,,0,4.57,408244.0328072857,171.6093994993298,2.8765848843728454,44.12388324951739,-9.16138265519091,1.0,216.71427829161493
AQST,"Aquestive Therapeutics, Inc. Common Stock",PASSA_FASE0,,0,3.6,1916976.7208985712,1.3484558207792512,0.9297093970214151,34.04316856624486,-10.26360067302302,1.1814933020909761,38.51468116824462
STLA,Stellantis N.V.,PASSA_FASE0,,0,6.01,18779660.00560019,1.8375063234687217,0.9921305800457929,51.610506604120566,5.024027959807764,1.0,33.66090968409613
CCO,"Clear Channel Outdoor Holdings, Inc. Common Stock",PASSA_FASE0,,0,2.4,7135629.206007539,1.9729503748482928,0.7404453650532101,46.12274591294001,-0.37359900373598043,1.0,5.473202128117471
ABEO,Abeona Therapeutics Inc. Common Stock,PASSA_FASE0,,0,6.23,1234216.7223040636,1.3843286183640575,1.1498857756513703,47.861465410344834,-5.4843358871273455,1.5266245531379006,53.231400991448794
ALVO,Alvotech Ordinary Shares,PASSA_FASE0,,0,3.53,730146.1006595398,4.158327804174284,0.8338035622783212,54.08336903750089,5.216095380029806,1.0,67.60125442238696
HDSN,Hudson Technologies Inc,PASSA_FASE0,,0,5.84,523978.390176508,1.2176656655975302,1.0224955740118813,43.57416374322794,-5.547468866246175,1.7447382951052772,41.19875297278165
RWT,"Redwood Trust, Inc.",PASSA_FASE0,,0,4.68,2368913.574357603,1.3644398588051114,1.878640860804085,37.846173100150345,-4.606604158173678,10.488867902630899,42.78467728142785
WIMI,WiMi Hologram Cloud Inc. Class B Ordinary Shares,PASSA_FASE0,,0,1.2,181242.29759030163,1.4663066758221277,0.3723566240983322,34.69515550246122,-9.24560408394781,1.0,53.98978395730251
BRAI,Braiin Limited Common Stock,PASSA_FASE0,,0,5.6,405140.22575892054,2.7149718978152615,1.3326553851009741,44.737623177712756,-2.4347750337558316,8.035351908564763,103.0408778041437
XXI,"Twenty One Capital, Inc.",PASSA_FASE0,,0,4.35,1432520.73511546,1.2327853404088163,1.0956398798635523,28.943662084358067,-14.697519364643597,3.3615285624557916,62.27468626187439
EPRX,Eupraxia Pharmaceuticals Inc. Common Stock,PASSA_FASE0,,0,5.97,321668.86378601595,2.4402390616493497,0.9394719721318194,42.27998658629446,-7.088942494747519,1.1487317291066206,59.76343723466053
INVE,"Identive, Inc.",PASSA_FASE0,,0,2.54,210429.12878893653,2.364433646917037,1.1383476975025335,32.60695130663896,-7.560731507597119,1.6388793938202972,48.09155215835484
OPK,Opko Health Inc.,PASSA_FASE0,,0,1.365,3418444.3552378095,2.6934533293412266,1.2705043002646044,51.927103698647734,3.194103194103226,3.756772078657912,129.84420222885424
SIGA,SIGA Technologies Inc.,PASSA_FASE0,,0,3.34,617230.4793127779,1.6399949219261512,1.324818934709924,39.5040525501217,-4.174436953091398,3.9184533420157557,56.81456482191276
HCTI,"Healthcare Triangle, Inc. Common Stock",PASSA_FASE0,,0,1.56,206814.25310009523,3.121969193063815,0.6233079393254383,35.03182980097809,-12.359550561797771,1.8886845628494182,83.19258160891484
AVIR,"Atea Pharmaceuticals, Inc. Common Stock",PASSA_FASE0,,0,4.62,347445.88820928574,2.136508961869939,1.015715990175498,46.708026873090155,-3.739972913845213,1.8759199857445683,45.030314557242846
DTI,Drilling Tools International Corporation Common Stock,PASSA_FASE0,,0,2.29,291694.8828741746,1.5299085776300756,0.84258784083682,50.30157615169857,3.2927379341452623,1.596061641949895,36.09318412119373
FIP,FTAI Infrastructure Inc. Common Stock,PASSA_FASE0,,0,3.78,1082563.703015746,1.4018450618419878,0.8121211168623601,32.935058095817666,-12.48987151290658,1.0,43.005987335060645
ALT,"Altimmune, Inc. Common Stock",PASSA_FASE0,,0,2.92,3905036.370090937,2.1258087287037704,1.0358451135206466,50.149384558859246,-1.4013169002194847,2.0650368270141626,40.513128542767944
WHWK,"Whitehawk Therapeutics, Inc. Common Stock",PASSA_FASE0,,0,3.66,488026.9920216985,1.472331370880512,1.03849630388193,38.321145806271296,-6.153846153846143,1.4494230708456597,43.04621418071249
UPB,"Upstream Bio, Inc. Common Stock",PASSA_FASE0,,0,6.41,573272.1444258412,1.2259065386891685,0.8389617580996322,35.295771133917796,-9.635581870726728,1.15179019801011,45.099570924238996
BHC,Bausch Health Companies Inc,PASSA_FASE0,,0,4.68,2269915.431687063,1.6089314673016832,0.8658959922300183,46.61515887971457,-0.9628610729023324,1.0,33.886678622285984
CLVT,Clarivate Plc,PASSA_FASE0,,0,2.15,6732938.057471506,1.6263451912714022,1.080488211749806,46.965440084622706,-5.223716111968269,2.2965061336737493,109.52946990356651
BRSP,"BrightSpire Capital, Inc.",PASSA_FASE0,,0,5.0,1406868.2557737296,2.1475374944375205,1.1625244865317685,30.387752171040574,-6.305631031574988,1.269950523764959,26.06214502383603
NKLR,Terra Innovatum Global N.V. Ordinary shares,PASSA_FASE0,,0,4.89,340936.55252804764,1.2885069403253862,0.8540966242033982,46.6103658239577,-0.9620253164556836,1.5803025529799195,73.33788999239106
MBI,MBIA Inc.,PASSA_FASE0,,0,5.39,370265.4575829524,1.6095423732214733,0.9813799091962073,28.616677465339563,-13.524787421787266,1.2682855071723556,32.008382451434144
CRDL,Cardiol Therapeutics Inc. Class A Common Shares,PASSA_FASE0,,0,1.15,536825.2204991747,1.7065311531342415,1.6182359242963988,50.023215373541284,1.715903060321966,3.607076788583983,64.9206099792977
XFOR,"X4 Pharmaceuticals, Inc. Common Stock",PASSA_FASE0,,0,4.0,647361.0769088889,1.3525905708882093,1.0029434136706357,51.33774313912214,1.3813204916994115,1.2926931341161056,77.3999870810337
JBLU,JetBlue Airways Corp,PASSA_FASE0,,0,5.72,29255208.092029702,3.0791096320177407,1.2089383517091323,53.84768300913353,2.2067363530777984,1.0,67.04827986820321
RIG,Transocean LTD.,PASSA_FASE0,,0,4.95,36527217.98452206,1.3966659846599463,1.1313309109137062,38.608877048306866,-3.920807453416131,1.1849717099430281,39.60963024990829
DMAC,DiaMedica Therapeutics Inc. Common Stock,PASSA_FASE0,,0,6.32,202433.70235023813,1.3986970598903683,1.075309267773188,37.60952944562349,-13.228530239582604,1.6900808313597837,48.417186053721586
ENGS,Energys Group Limited Ordinary Shares,PASSA_FASE0,,0,2.505,666833.6156498413,1.5357731487351478,1.6883833874177425,48.61480672520829,-8.501506711715844,3.563269850569803,75.49903538091573
BTMD,Biote Corp. Class A Common Stock,PASSA_FASE0,,0,2.04,274651.7522423175,2.406622454146345,0.7671130315906928,41.25679614342616,-10.428100987925347,1.0,74.37228460783813
NG,NovaGold Resources Inc.,PASSA_FASE0,,0,5.79,4097789.951507857,1.2111734858663812,1.2464261607463962,42.36906545172719,-1.421639567549171,5.2474516937859965,66.51196465344411
EVLV,"Evolv Technologies Holdings, Inc. Class A Common Stock",PASSA_FASE0,,0,5.55,2680861.393534715,1.277323135931704,0.7211954553295014,44.67272123700549,-4.417463187806758,1.3574634254466749,48.002121362985946
GRCE,"Grace Therapeutics, Inc. Common Stock",PASSA_FASE0,,0,2.08,311294.66622990475,4.35875236744629,0.604798839801206,28.68705812259131,-12.916056102156148,1.0,45.87362345420059
EU,enCore Energy Corp.,PASSA_FASE0,,0,1.06,3069209.614326984,1.2349405916269212,0.7882720787663503,33.042673979388226,-13.68078175895765,1.2429202818636913,62.7256905293772
ORC,"Orchid Island Capital, Inc.",PASSA_FASE0,,0,6.56,4968213.680268984,1.385728312677417,1.0024966754506408,40.92972886247192,-2.901124925991716,1.0265963276552743,18.084860809340462
BYRN,"Byrna Technologies, Inc. Common Stock",PASSA_FASE0,,0,4.33,701189.3148287144,2.5176659629236364,1.7511735062448166,47.48111229545358,-1.4509246088193373,3.022469514309489,172.54914405476848
JELD,"JELD-WEN Holding, Inc.",PASSA_FASE0,,0,1.28,1726976.7430257304,1.4324094436164294,0.7041430857147809,48.709420183465156,5.090311986863694,1.0,75.19555925996599
YYGH,YY Group Holding Limited Class A Ordinary Shares,PASSA_FASE0,,0,1.25,1499405.581458396,1.4331385054095347,1.0269934610632416,26.78468475165799,-1.5360378101614836,5.968461686699161,134.19801962275017
GMM,Global Mofy AI Limited Class A Ordinary Shares,PASSA_FASE0,,0,2.93,4272609.80670781,5.394644226956731,2.1019894391537353,36.26807947355217,4.530859793078856,6.012282890880953,375.7063450834373
PYPD,PolyPid Ltd. Ordinary Shares,PASSA_FASE0,,0,4.08,200407.43979644444,2.173868859980962,1.7284878375597896,41.94705047573962,-14.85809682804674,5.117685972602976,138.01742341386696
ZTG,Zenta Group Company Limited Class A Ordinary Shares,PASSA_FASE0,,2,2.72,365834.99144360324,1.5026358398107027,0.23313717171255935,50.92332732616787,-1.6985905312612792,1.0,126.5815484556279
DCX,Digital Currency X Technology Inc. Class A Ordinary Shares,PASSA_FASE0,,0,1.08,581768.9181886667,18.655199029598872,2.3658416409020746,48.15701902238348,18.92570446962438,1.5823884059950795,148.87373020537711
JBDI,JBDI Holdings Limited Ordinary Shares,PASSA_FASE0,,0,1.21,122478.04636714287,4.175273327001626,0.8851924693749433,50.384969576086036,-1.6260162601625994,1.0,120.47696379714436
USIO,"Usio, Inc. Common Stock",PASSA_FASE0,,0,1.97,133838.86992692063,1.5102713592125343,1.2239627638756694,46.24975802663858,-9.425287356321832,2.1169799338665176,75.26634528512214
