Ticker,RVOL,Eco,A,B_rsi,B_macd,B_bounce,C_lat,C_hl,C_coil,dist_res,ext,C2,B,insider,setup
SEER,1.777326410256393,15.982835032083704,True,False,False,False,True,True,False,-6.3063063063063085,0.3618817852834688,True,False,False,3_BASE_A_TESTAR_RESISTENCIA
ULCC,1.2935483901651312,1.048185912104732,False,False,False,True,False,False,False,-19.354838709677423,-2.2593135596406078,False,True,False,9_NAO_CLASSIFICADO
SNDL,1.4185454451726036,1.6236845475383874,True,False,False,False,True,False,False,-19.463087248322154,-7.156673114119927,False,False,False,5_CONTINUACAO_DE_EVENTO
VRRM,3.825422712107015,1.0,True,True,False,True,False,False,True,-65.40027137042063,20.304299109512325,False,True,False,4_EVENTO_UNICO
SOUN,1.5457976903247335,1.0689918890962091,False,False,False,False,False,False,False,-40.80996884735203,-11.809074382083306,False,False,False,9_NAO_CLASSIFICADO
HTZ,1.5299848456272918,1.6992508884080033,True,False,False,False,False,False,True,-74.2283950617284,-13.449080072557674,False,False,False,5_CONTINUACAO_DE_EVENTO
RBBN,1.9417179713927426,1.4430336841612939,True,False,True,False,False,False,False,-34.4311377245509,0.3896401558560747,False,True,False,9_NAO_CLASSIFICADO
GAU,2.1379033610998377,1.0,True,False,False,False,True,False,True,-34.21052631578948,-5.046120455778624,True,False,False,4_EVENTO_UNICO
GTE,1.3772877754658543,1.2624916520200316,False,False,False,False,False,True,False,-29.75814931650894,1.5506232897537053,False,False,False,9_NAO_CLASSIFICADO
ACB,1.3128575195827379,1.2422519380013421,False,True,False,False,True,False,True,-25.61307901907357,1.4869888475836257,True,True,False,9_NAO_CLASSIFICADO
GRAB,1.3780663871902932,1.1954671744576586,True,False,False,False,True,False,False,-14.974619289340097,-8.56986899563319,False,False,False,9_NAO_CLASSIFICADO
TLRY,3.2379650260688924,1.0,True,False,False,False,True,False,False,-32.3728813559322,-6.491680337473616,False,False,False,4_EVENTO_UNICO
ALLO,1.5606894444495907,1.1500622532158347,True,False,False,False,True,False,False,-22.3175965665236,-5.161121299449833,False,False,False,9_NAO_CLASSIFICADO
UROY,2.281209701868165,1.1193419540101832,True,False,False,True,False,False,False,-30.504587155963314,8.243279449852636,False,True,False,4_EVENTO_UNICO
BOOM,1.6945322624581947,1.0,True,False,False,False,True,False,False,-30.154639175257735,-12.524209167204647,False,False,False,9_NAO_CLASSIFICADO
AQST,1.3484558207792512,1.1814933020909761,True,False,False,False,True,False,True,-28.42942345924453,-10.26360067302302,True,False,False,9_NAO_CLASSIFICADO
STLA,1.8375063234687217,1.0,True,True,False,False,True,True,True,-26.707317073170735,5.024027959807764,True,True,False,9_NAO_CLASSIFICADO
CCO,1.9729503748482928,1.0,True,False,False,False,True,True,False,-1.2345679012345734,-0.37359900373598043,True,False,False,3_BASE_A_TESTAR_RESISTENCIA
ABEO,1.3843286183640575,1.5266245531379006,True,False,False,False,True,True,False,-14.54046639231824,-5.4843358871273455,True,False,False,5_CONTINUACAO_DE_EVENTO
ALVO,4.158327804174284,1.0,True,False,True,True,True,False,True,-16.74528301886793,5.216095380029806,True,True,False,4_EVENTO_UNICO
HDSN,1.2176656655975302,1.7447382951052772,True,False,False,False,True,True,True,-10.703363914373087,-5.547468866246175,True,False,True,1_ACUMULACAO_INFORMADA
RWT,1.3644398588051114,10.488867902630899,True,False,False,False,True,True,False,-16.428571428571427,-4.606604158173678,True,False,False,5_CONTINUACAO_DE_EVENTO
BRAI,2.7149718978152615,8.035351908564763,True,False,False,False,False,False,True,-59.004392386530014,-2.4347750337558316,False,False,False,5_CONTINUACAO_DE_EVENTO
XXI,1.2327853404088163,3.3615285624557916,True,False,False,False,False,False,False,-51.50501672240804,-14.697519364643597,False,False,False,5_CONTINUACAO_DE_EVENTO
EPRX,2.4402390616493497,1.1487317291066206,True,False,False,False,True,False,False,-21.55059132720106,-7.088942494747519,False,False,False,4_EVENTO_UNICO
OPK,2.6934533293412266,3.756772078657912,True,True,True,True,True,False,False,-10.784313725490202,3.194103194103226,False,True,False,2_REVERSAO_CONFIRMADA
SIGA,1.6399949219261512,3.9184533420157557,True,True,True,False,True,False,False,-30.41666666666667,-4.174436953091398,False,True,False,2_REVERSAO_CONFIRMADA
AVIR,2.136508961869939,1.8759199857445683,True,False,False,False,True,True,True,-18.947368421052634,-3.739972913845213,True,False,False,5_CONTINUACAO_DE_EVENTO
FIP,1.4018450618419878,1.0,True,False,False,False,True,False,True,-31.768953068592065,-12.48987151290658,True,False,False,9_NAO_CLASSIFICADO
ALT,2.1258087287037704,2.0650368270141626,True,False,False,False,True,True,True,-10.429447852760731,-1.4013169002194847,True,False,False,5_CONTINUACAO_DE_EVENTO
WHWK,1.472331370880512,1.4494230708456597,True,False,False,False,True,False,True,-28.235294117647047,-6.153846153846143,True,False,False,9_NAO_CLASSIFICADO
UPB,1.2259065386891685,1.15179019801011,True,False,False,False,True,True,True,-31.517094017094017,-9.635581870726728,True,False,False,9_NAO_CLASSIFICADO
BHC,1.6089314673016832,1.0,False,False,False,False,True,False,True,-18.608695652173925,-0.9628610729023324,True,False,False,9_NAO_CLASSIFICADO
CLVT,1.6263451912714022,2.2965061336737493,True,False,False,True,True,True,False,-23.48754448398577,-5.223716111968269,True,True,False,5_CONTINUACAO_DE_EVENTO
BRSP,2.1475374944375205,1.269950523764959,True,False,False,False,True,False,False,-16.247906197654938,-6.305631031574988,False,False,False,9_NAO_CLASSIFICADO
NKLR,1.2885069403253862,1.5803025529799195,True,False,False,False,True,True,False,-26.355421686746993,-0.9620253164556836,True,False,False,5_CONTINUACAO_DE_EVENTO
MBI,1.6095423732214733,1.2682855071723556,True,False,False,False,True,False,True,-20.73529411764706,-13.524787421787266,True,False,False,9_NAO_CLASSIFICADO
XFOR,1.3525905708882093,1.2926931341161056,False,False,True,False,True,False,False,-14.346895074946463,1.3813204916994115,False,True,False,9_NAO_CLASSIFICADO
JBLU,3.0791096320177407,1.0,True,False,True,False,True,False,False,-5.610561056105611,2.2067363530777984,False,True,False,4_EVENTO_UNICO
RIG,1.3966659846599463,1.1849717099430281,True,False,False,False,True,True,True,-34.696569920844325,-3.920807453416131,True,False,True,9_NAO_CLASSIFICADO
DMAC,1.3986970598903683,1.6900808313597837,True,False,False,False,True,True,False,-21.09862671660424,-13.228530239582604,True,False,False,5_CONTINUACAO_DE_EVENTO
ENGS,1.5357731487351478,3.563269850569803,True,False,False,False,False,True,False,-15.656565656565668,-8.501506711715844,False,False,False,5_CONTINUACAO_DE_EVENTO
NG,1.2111734858663812,5.2474516937859965,True,True,True,True,False,False,False,-37.20173535791758,-1.421639567549171,False,True,False,2_REVERSAO_CONFIRMADA
EVLV,1.277323135931704,1.3574634254466749,True,False,False,False,True,True,False,-23.236514522821583,-4.417463187806758,True,False,False,9_NAO_CLASSIFICADO
EU,1.2349405916269212,1.2429202818636913,False,False,False,False,False,False,True,-45.360824742268036,-13.68078175895765,False,False,False,9_NAO_CLASSIFICADO
ORC,1.385728312677417,1.0265963276552743,True,False,False,False,True,False,False,-6.950354609929077,-2.901124925991716,False,False,False,9_NAO_CLASSIFICADO
BYRN,2.5176659629236364,3.022469514309489,True,True,True,True,False,False,False,-38.84180790960452,-1.4509246088193373,False,True,True,1_ACUMULACAO_INFORMADA
JELD,1.4324094436164294,1.0,False,False,True,False,False,False,True,-40.74074074074075,5.090311986863694,False,True,False,9_NAO_CLASSIFICADO
