Ticker,na_shortlist,A,B,C,B_rsi,B_macd,B_bounce,C_lateral,C_hl,C_coil,n
CLNE,False,True,False,True,False,False,False,True,True,False,2
STI,False,False,True,True,False,True,False,False,False,True,2
QNC,False,False,False,True,False,False,False,False,False,True,1
THRY,False,False,True,True,False,True,False,True,True,False,2
CING,False,False,False,True,False,False,False,False,False,True,1
SUNE,False,True,False,True,False,False,False,False,True,True,2
ARDX,False,False,True,True,False,True,False,True,False,True,2
POWW,False,True,False,True,False,False,False,True,True,False,2
BATL,False,True,False,True,False,False,False,False,True,False,2
BESS,False,False,False,True,False,False,False,False,False,True,1
FRGT,False,True,False,True,False,False,False,False,False,True,2
RUM,False,False,False,True,False,False,False,False,False,True,1
SEER,True,True,False,True,False,False,False,True,True,False,2
NFGC,False,False,True,False,False,True,False,False,False,False,1
CLOV,False,False,False,False,False,False,False,False,False,False,0
PETS,False,True,False,True,False,False,False,True,True,True,2
AIB,False,True,False,True,False,False,False,False,False,True,2
ONDS,False,True,False,True,False,False,False,False,False,True,2
WRAP,False,True,False,True,False,False,False,False,True,False,2
EZRA,False,True,False,True,False,False,False,False,False,True,2
BBAI,False,False,False,True,False,False,False,False,False,True,1
RXST,False,True,False,True,False,False,False,False,True,False,2
LRHC,False,False,True,False,False,False,True,False,False,False,1
MCRP,False,True,True,True,False,True,False,False,False,True,3
RILY,False,False,True,True,False,True,False,False,False,True,2
RBNE,False,True,True,False,False,True,False,False,False,False,2
CNTN,False,False,False,True,False,False,False,False,False,True,1
PRME,False,True,False,True,False,False,False,False,True,False,2
DRCT,False,False,False,True,False,False,False,False,False,True,1
AZ,False,False,True,True,False,True,False,True,True,False,2
GRDX,False,True,False,False,False,False,False,False,False,False,1
TLS,False,False,False,True,False,False,False,True,True,True,1
GRO,False,False,False,True,False,False,False,True,True,True,1
CRBU,False,False,False,True,False,False,False,False,False,True,1
ALDX,False,True,False,True,False,False,False,True,False,False,2
MDXG,False,False,False,True,False,False,False,True,True,False,1
XWEL,False,True,False,True,False,False,False,True,True,False,2
ENVB,False,False,False,True,False,False,False,False,False,True,1
GSM,False,True,False,True,False,False,False,True,True,True,2
ANTX,False,True,False,True,False,False,False,True,True,True,2
TLSI,False,False,False,True,False,False,False,False,True,True,1
VZLA,False,False,False,True,False,False,False,True,True,True,1
CNCK,False,False,False,True,False,False,False,False,True,False,1
JAGU,True,False,False,True,False,False,False,False,False,True,1
BTG,False,False,False,True,False,False,False,True,False,True,1
ULCC,True,False,True,False,False,False,True,False,False,False,1
RENX,False,True,False,True,False,False,False,False,True,True,2
OPRX,False,False,False,True,False,False,False,True,True,True,1
DARE,False,True,False,False,False,False,False,False,False,False,1
PYXS,False,True,True,True,False,True,False,False,True,False,3
DNN,False,False,False,True,False,False,False,True,False,False,1
ITRG,False,False,True,True,False,True,False,True,False,True,2
AARD,False,True,False,True,False,False,False,False,True,False,2
NRXP,False,False,False,True,False,False,False,False,False,True,1
SDEV,False,True,False,True,False,False,False,False,True,False,2
RWAY,False,False,False,True,False,False,False,True,True,False,1
GROY,False,False,False,True,False,False,False,True,False,True,1
TTEC,False,False,True,True,False,True,True,True,True,False,2
RUBI,False,True,False,True,False,False,False,False,False,True,2
QS,False,True,False,False,False,False,False,False,False,False,1
STIM,False,True,False,True,False,False,False,False,True,False,2
SILO,False,True,False,False,False,False,False,False,False,False,1
EDIT,False,False,False,True,False,False,False,True,True,True,1
CATX,False,True,False,True,False,False,False,True,False,False,2
GORO,False,True,True,False,True,False,True,False,False,False,2
SVRA,False,True,False,True,False,False,False,True,False,False,2
RNW,False,True,False,True,False,False,False,True,True,True,2
CERS,False,False,False,True,False,False,False,True,True,True,1
PSTV,False,True,False,True,False,False,False,False,False,True,2
HPK,False,False,False,True,False,False,False,True,False,False,1
ZNTL,False,True,False,True,False,False,False,True,True,False,2
BTBD,False,True,False,True,False,False,False,False,True,True,2
SLNH,False,False,False,False,False,False,False,False,False,False,0
INDP,False,True,False,True,False,False,False,False,False,True,2
DXST,False,True,False,True,False,False,False,False,True,True,2
ASM,False,False,False,True,False,False,False,True,False,False,1
HCWB,False,False,False,True,False,False,False,False,False,True,1
FUFU,False,False,False,False,False,False,False,False,False,False,0
XHLD,False,True,False,True,False,False,False,False,True,False,2
BTQ,False,False,False,True,False,False,False,False,False,True,1
VFF,False,False,False,True,False,False,False,True,True,True,1
PLUG,False,False,False,True,False,False,False,False,False,True,1
MIMI,False,True,False,False,False,False,False,False,False,False,1
NAMM,False,False,False,True,False,False,False,False,False,True,1
STXS,False,True,False,False,False,False,False,False,False,False,1
ACRS,False,True,False,True,False,False,False,True,True,False,2
SNDL,True,True,False,True,False,False,False,True,False,False,2
URG,False,False,False,True,False,False,False,False,False,True,1
GERN,False,False,False,True,False,False,False,True,True,False,1
VRRM,True,True,True,True,True,False,True,False,False,True,3
FFAI,False,True,False,False,False,False,False,False,False,False,1
ENTX,False,True,False,True,False,False,False,False,True,False,2
BCHT,False,False,False,True,False,False,False,False,False,True,1
TOP,True,True,False,True,False,False,False,False,True,False,2
LWLG,False,False,False,True,False,False,False,False,False,True,1
INDO,False,False,False,True,False,False,False,True,True,False,1
SVCO,False,False,False,False,False,False,False,False,False,False,0
VERU,False,False,False,True,False,False,False,False,False,True,1
GEVO,False,True,False,True,False,False,False,True,True,False,2
SOUN,True,False,False,False,False,False,False,False,False,False,0
USAS,False,False,True,True,False,True,False,False,False,True,2
HSLV,False,True,True,True,False,True,False,True,False,False,3
NKTX,False,True,False,False,False,False,False,False,False,False,1
SPRO,False,True,False,False,False,False,False,False,False,False,1
MNKD,False,False,False,False,False,False,False,False,False,False,0
EDBL,False,True,False,False,False,False,False,False,False,False,1
MBAI,False,True,True,False,False,True,False,False,False,False,2
BWEN,False,True,False,True,False,False,False,False,False,True,2
LCTX,False,True,False,True,False,False,False,True,False,False,2
EGG,False,True,True,False,True,False,False,False,False,False,2
ROLR,False,False,False,True,False,False,False,True,True,True,1
PLG,False,False,False,True,False,False,False,True,False,True,1
SFIX,False,False,True,True,False,True,True,True,True,True,2
AMC,False,True,False,True,False,False,False,False,True,False,2
VSME,False,False,False,True,False,False,False,False,False,True,1
BCAR,False,True,False,False,False,False,False,False,False,False,1
TROO,False,True,False,True,False,False,False,False,False,True,2
CIIT,False,True,True,True,False,False,True,False,False,True,3
INSG,False,True,False,True,False,False,False,False,False,True,2
ZDGE,False,False,False,True,False,False,False,True,False,True,1
HTZ,True,True,False,True,False,False,False,False,False,True,2
CDT,False,False,False,True,False,False,False,False,False,True,1
DIBS,False,False,False,True,False,False,False,True,True,False,1
FGNX,False,True,False,True,False,False,False,False,True,False,2
REI,False,False,False,True,False,False,False,False,True,True,1
IHT,False,False,False,True,False,False,False,False,True,False,1
CRON,False,True,True,True,False,True,False,True,True,True,3
ARMP,False,True,True,False,True,False,True,False,False,False,2
GNLX,False,False,False,True,False,False,False,True,False,True,1
CJMB,False,True,False,True,False,False,False,False,True,False,2
REAX,False,True,False,True,False,False,False,True,False,False,2
LGPS,False,True,False,True,False,False,False,False,True,False,2
PLX,False,False,False,True,False,False,False,True,True,True,1
KULR,False,False,False,True,False,False,False,False,False,True,1
RGP,False,True,False,True,False,False,False,True,False,False,2
DC,False,False,True,True,False,False,True,True,True,False,2
TARA,False,False,False,True,False,False,False,True,False,True,1
WBUY,False,True,True,False,False,False,True,False,False,False,2
YDES,False,True,False,True,False,False,False,False,True,False,2
MAIA,False,True,False,True,False,False,False,True,False,True,2
NRXS,True,True,False,True,False,False,False,True,False,True,2
PHUN,False,False,False,True,False,False,False,True,True,True,1
LPA,False,False,False,True,False,False,False,True,False,False,1
SERV,False,True,False,True,False,False,False,False,False,True,2
OABI,False,False,False,True,False,False,False,False,False,True,1
AIIO,False,False,True,True,False,False,True,False,True,True,2
ALEC,False,False,True,True,True,True,False,False,True,False,2
NTRP,False,True,False,False,False,False,False,False,False,False,1
COYA,False,True,False,True,False,False,False,True,False,True,2
TMQ,False,True,False,True,False,False,False,False,False,True,2
DOMH,False,True,False,True,False,False,False,False,False,True,2
RBBN,True,True,True,False,False,True,False,False,False,False,2
WTF,False,False,False,True,False,False,False,False,True,True,1
AMPG,False,True,False,True,False,False,False,False,False,True,2
PSEC,False,False,False,True,False,False,False,True,False,False,1
SABS,False,True,False,True,False,False,False,True,False,True,2
ARCT,False,True,False,True,False,False,False,False,False,True,2
WOOF,False,False,True,True,False,False,True,True,True,True,2
CPSH,False,True,False,True,False,False,False,False,False,True,2
HNST,False,False,False,True,False,False,False,True,True,True,1
FOFO,False,False,False,True,False,False,False,False,False,True,1
BMBL,False,False,True,True,False,True,False,True,True,True,2
CDZI,False,True,False,False,False,False,False,False,False,False,1
DGXX,False,False,False,True,False,False,False,False,False,True,1
TSHA,False,True,False,True,False,False,False,True,True,False,2
AMS,False,False,True,True,False,True,False,True,True,True,2
LSAK,False,True,False,True,False,False,False,True,False,True,2
GAU,True,True,False,True,False,False,False,True,False,True,2
RZLV,False,False,False,True,False,False,False,True,False,True,1
FJET,False,False,False,True,False,False,False,False,False,True,1
LAR,False,False,False,True,False,False,False,False,False,True,1
GP,False,False,False,True,False,False,False,False,True,False,1
ANY,False,True,True,True,False,True,True,False,False,True,3
SUPX,False,True,False,True,False,False,False,False,False,True,2
LODE,False,True,False,False,False,False,False,False,False,False,1
ISPC,False,True,False,False,False,False,False,False,False,False,1
NNBR,False,True,False,True,False,False,False,False,True,False,2
LNAI,False,False,False,True,False,False,False,False,False,True,1
GDYN,False,True,False,True,False,False,False,True,True,False,2
SLI,False,False,True,False,False,True,False,False,False,False,1
LAW,False,False,True,True,False,True,True,True,True,True,2
CNVS,False,False,False,True,False,False,False,True,False,True,1
SCZM,False,True,False,True,False,False,False,False,False,True,2
CMPX,False,True,False,True,False,False,False,True,False,True,2
NNVC,False,False,False,True,False,False,False,True,True,True,1
VANI,False,True,False,True,False,False,False,True,True,False,2
VGZ,False,False,True,False,False,True,True,False,False,False,1
STTK,False,True,False,True,False,False,False,False,True,True,2
MNTS,False,False,True,True,False,True,False,False,False,True,2
OPAL,False,False,False,True,False,False,False,True,True,False,1
VIVO,False,False,False,False,False,False,False,False,False,False,0
GTE,True,False,False,True,False,False,False,False,True,False,1
FIEE,True,True,False,False,False,False,False,False,False,False,1
ASTC,False,True,True,True,False,True,False,False,False,True,3
AVXL,False,False,False,True,False,False,False,True,False,False,1
FTEK,False,True,False,True,False,False,False,False,True,True,2
SCLX,False,True,False,True,False,False,False,False,True,True,2
CSTE,False,True,False,True,False,False,False,False,True,False,2
PAVS,False,True,True,True,False,False,True,False,False,True,3
SNAL,False,True,False,True,False,False,False,False,True,True,2
CVM,False,True,False,True,False,False,False,False,True,True,2
ACB,True,False,True,True,True,False,False,True,False,True,2
NEOV,False,False,False,True,False,False,False,False,True,True,1
GRAB,True,True,False,True,False,False,False,True,False,False,2
IPWR,False,False,False,True,False,False,False,False,False,True,1
HYLN,False,False,False,True,False,False,False,False,False,True,1
ZENA,False,False,False,True,False,False,False,False,False,True,1
PBM,False,True,False,True,False,False,False,False,True,True,2
NUAI,False,True,False,False,False,False,False,False,False,False,1
OM,False,False,True,True,False,True,True,True,True,False,2
SWIM,False,False,False,True,False,False,False,True,True,False,1
RC,False,True,False,True,False,False,False,True,False,True,2
NAK,False,True,False,False,False,False,False,False,False,False,1
TLRY,True,True,False,True,False,False,False,True,False,False,2
MOBX,False,True,False,True,False,False,False,False,False,True,2
EPM,False,True,False,True,False,False,False,True,True,False,2
SLDP,False,False,False,True,False,False,False,False,False,True,1
TGB,False,False,False,True,False,False,False,True,True,False,1
SMJF,False,True,True,True,False,True,True,False,True,True,3
SIDU,False,False,False,True,False,False,False,False,False,True,1
ALLO,True,True,False,True,False,False,False,True,False,False,2
BORR,False,False,False,True,False,False,False,False,False,True,1
OCCI,False,True,True,False,True,True,False,False,False,False,2
OPEN,False,True,False,True,False,False,False,True,False,False,2
CRMT,False,True,False,True,False,False,False,False,True,True,2
NEWP,False,False,False,True,False,False,False,False,True,False,1
PAL,False,False,False,True,False,False,False,False,True,True,1
NMFC,False,False,True,True,True,False,False,True,False,False,2
HUBC,False,False,False,True,False,False,False,False,False,True,1
ECX,False,False,False,True,False,False,False,True,False,True,1
MIST,False,True,False,False,False,False,False,False,False,False,1
KOPN,False,False,False,False,False,False,False,False,False,False,0
DTCX,False,False,False,True,False,False,False,True,True,False,1
SBC,False,False,True,True,False,True,False,True,False,False,2
TDUP,False,False,False,True,False,False,False,False,True,True,1
UROY,True,True,True,False,False,False,True,False,False,False,2
TII,False,False,False,False,False,False,False,False,False,False,0
MRLN,False,False,False,False,False,False,False,False,False,False,0
ACCL,False,True,False,True,False,False,False,False,True,True,2
OSTX,False,True,False,True,False,False,False,True,True,False,2
THM,False,True,False,True,False,False,False,True,False,False,2
IPSC,False,False,False,True,False,False,False,True,False,True,1
FLYX,False,True,True,False,False,True,False,False,False,False,2
CPHI,False,True,False,True,False,False,False,False,True,False,2
XRX,False,False,True,True,False,True,False,True,False,True,2
WRN,False,False,False,True,False,False,False,True,False,True,1
PMVP,False,True,False,True,False,False,False,True,False,False,2
ZNB,False,True,False,False,False,False,False,False,False,False,1
EHGO,False,True,True,True,False,True,False,False,True,False,3
LAES,False,True,False,True,False,False,False,False,False,True,2
GRWG,False,True,True,True,False,True,False,True,True,True,3
TLPH,False,True,False,True,False,False,False,False,True,False,2
XOS,False,False,False,True,False,False,False,False,False,True,1
MAMO,False,True,True,True,False,True,False,True,True,False,3
SG,False,True,False,False,False,False,False,False,False,False,1
NEXT,False,True,False,True,False,False,False,True,False,False,2
PNNT,False,False,False,True,False,False,False,True,False,True,1
HOLO,False,False,False,True,False,False,False,True,True,True,1
BOOM,True,True,False,True,False,False,False,True,False,False,2
DOUG,False,True,False,True,False,False,False,True,True,False,2
LFVN,False,False,False,True,False,False,False,False,True,True,1
IBIO,False,True,True,True,True,True,False,True,False,True,3
SPRY,False,True,False,True,False,False,False,False,False,True,2
KDK,False,False,False,True,False,False,False,False,False,True,1
GOGO,False,True,False,True,False,False,False,True,True,False,2
AIRE,False,True,True,False,False,True,False,False,False,False,2
GLND,False,False,False,False,False,False,False,False,False,False,0
MTEK,False,False,False,True,False,False,False,True,True,True,1
RES,False,True,False,True,False,False,False,True,False,True,2
SBFM,False,False,False,True,False,False,False,False,False,True,1
DBI,False,False,True,True,False,False,True,False,True,True,2
CXM,False,False,True,True,False,True,False,True,True,False,2
BTBT,False,False,False,True,False,False,False,False,False,True,1
CION,False,False,False,True,False,False,False,True,False,False,1
TMC,False,False,False,True,False,False,False,False,False,True,1
CHRS,False,False,False,True,False,False,False,True,True,True,1
BTE,False,False,False,True,False,False,False,True,True,False,1
AMIX,True,True,True,False,True,False,True,False,False,False,2
ERNA,False,True,False,True,False,False,False,False,False,True,2
MSS,False,True,False,False,False,False,False,False,False,False,1
DSX,False,False,False,True,False,False,False,True,True,True,1
EPSN,False,False,False,True,False,False,False,True,True,False,1
YEXT,False,False,True,True,False,True,False,False,True,False,2
IOVA,False,True,False,True,False,False,False,False,True,False,2
ABCL,False,False,False,True,False,False,False,False,True,True,1
ARQ,False,False,False,True,False,False,False,True,False,True,1
GEMI,False,False,False,True,False,False,False,True,True,False,1
RZLT,False,False,False,False,False,False,False,False,False,False,0
SRTA,False,False,False,True,False,False,False,True,False,True,1
CURI,False,False,False,True,False,False,False,True,False,True,1
AQST,True,True,False,True,False,False,False,True,False,True,2
FCUV,False,False,False,True,False,False,False,False,False,True,1
ELTX,False,True,False,True,False,False,False,False,True,True,2
VWAV,False,True,False,False,False,False,False,False,False,False,1
ENVX,False,True,False,False,False,False,False,False,False,False,1
EARN,False,False,False,True,False,False,False,True,True,True,1
CMND,False,True,False,True,False,False,False,False,False,True,2
RMNI,False,False,True,True,False,True,False,True,True,False,2
STLA,True,True,True,True,True,False,False,True,True,True,3
LFMD,False,True,False,True,False,False,False,True,False,False,2
INDI,False,False,False,True,False,False,False,False,False,True,1
CCO,True,True,False,True,False,False,False,True,True,False,2
FBIO,False,True,False,True,False,False,False,False,True,False,2
RCKT,False,False,False,True,False,False,False,False,True,False,1
AEYE,False,True,False,True,False,False,False,True,True,False,2
OPRT,False,True,False,True,False,False,False,True,True,False,2
CETX,False,True,False,True,False,False,False,False,True,True,2
DPRO,False,False,False,True,False,False,False,False,False,True,1
MBOT,False,False,False,True,False,False,False,True,False,True,1
KUST,False,True,False,True,False,False,False,False,True,False,2
RDZN,False,False,True,True,False,True,False,False,False,True,2
BNC,False,False,False,True,False,False,False,False,True,True,1
BNZI,False,True,False,True,False,False,False,False,False,True,2
UA,False,False,False,True,False,False,False,True,True,True,1
PTLO,False,True,True,True,False,True,False,True,True,True,3
TRUG,False,True,False,True,False,False,False,False,False,True,2
NUVB,False,False,False,True,False,False,False,True,True,True,1
RPID,False,True,False,True,False,False,False,True,True,False,2
AISP,False,True,False,True,False,False,False,False,False,True,2
KMRK,False,False,False,True,False,False,False,False,True,True,1
RSKD,False,True,True,True,False,True,True,True,True,False,3
OCG,False,True,True,True,False,True,True,False,False,True,3
DERM,False,True,False,True,False,False,False,True,True,True,2
AXG,False,True,False,True,False,False,False,True,False,False,2
IHRT,False,False,False,True,False,False,False,False,False,True,1
IMNN,False,True,False,False,False,False,False,False,False,False,1
HSDT,False,False,False,True,False,False,False,False,True,True,1
TOMZ,False,False,False,False,False,False,False,False,False,False,0
GSIT,False,False,True,True,False,True,False,False,False,True,2
AMPY,False,False,False,False,False,False,False,False,False,False,0
TIGR,False,False,False,True,False,False,False,True,True,True,1
UIS,False,False,False,True,False,False,False,False,False,True,1
JRSH,False,False,False,True,False,False,False,True,True,False,1
COTY,False,False,False,True,False,False,False,True,True,True,1
BLDP,False,False,True,True,False,True,False,False,False,True,2
ACHR,False,True,False,True,False,False,False,True,False,False,2
CRVO,False,False,False,True,False,False,False,False,False,True,1
UAMY,False,False,False,False,False,False,False,False,False,False,0
HYFT,False,True,False,False,False,False,False,False,False,False,1
WSHP,False,False,False,True,False,False,False,False,False,True,1
PMAX,False,True,False,True,False,False,False,False,False,True,2
RFL,False,True,False,False,False,False,False,False,False,False,1
ACRE,False,False,False,True,False,False,False,True,True,False,1
LIDR,False,True,False,True,False,False,False,False,False,True,2
ABEO,True,True,False,True,False,False,False,True,True,False,2
HURA,False,False,False,True,False,False,False,True,False,True,1
TRNR,False,True,True,True,True,False,False,False,True,False,3
VNDA,False,False,False,True,False,False,False,True,False,True,1
PRTH,False,False,False,True,False,False,False,True,False,False,1
SEV,False,True,False,False,False,False,False,False,False,False,1
IMPP,False,False,False,True,False,False,False,True,False,True,1
NXTC,False,True,False,True,False,False,False,False,True,False,2
KLC,False,False,False,True,False,False,False,True,True,True,1
PLBY,False,False,False,True,False,False,False,False,True,True,1
TUSK,False,False,False,True,False,False,False,False,False,True,1
WEAV,False,False,False,True,False,False,False,True,True,False,1
VENU,False,False,False,False,False,False,False,False,False,False,0
NABL,False,False,False,True,False,False,False,False,True,False,1
HIVE,False,False,False,True,False,False,False,False,False,True,1
XGN,False,False,False,True,False,False,False,False,True,True,1
POLA,False,True,True,True,False,True,False,True,False,False,3
HMR,False,False,True,True,False,True,False,False,False,True,2
IOTR,False,True,False,True,False,False,False,False,True,False,2
ALXO,False,False,False,True,False,False,False,False,True,False,1
ALVO,True,True,True,True,False,True,True,True,False,True,3
MXCT,False,False,False,False,False,False,False,False,False,False,0
ATOM,False,False,False,True,False,False,False,False,False,True,1
NERV,False,False,False,True,False,False,False,True,True,True,1
MYGN,False,True,False,True,False,False,False,False,True,True,2
HLP,False,True,False,True,False,False,False,False,True,True,2
ACTG,False,True,False,True,False,False,False,True,True,True,2
REPL,False,True,False,False,False,False,False,False,False,False,1
ABTS,False,False,False,True,False,False,False,False,False,True,1
NPT,False,False,True,True,False,True,False,False,True,True,2
PLCE,False,True,False,True,False,False,False,False,False,True,2
VYGR,False,True,False,True,False,False,False,True,False,False,2
PALI,False,False,True,True,False,True,False,True,True,True,2
TAOX,False,False,False,False,False,False,False,False,False,False,0
ASBP,False,False,False,True,False,False,False,False,True,True,1
ABVC,False,True,False,False,False,False,False,False,False,False,1
FRMI,False,True,False,False,False,False,False,False,False,False,1
CMRC,False,True,True,True,False,True,True,True,False,True,3
SENS,False,False,True,True,False,True,False,True,False,True,2
ABTC,False,True,False,False,False,False,False,False,False,False,1
BIYA,False,True,True,False,False,True,True,False,False,False,2
PROK,False,False,False,True,False,False,False,True,False,False,1
OWLT,False,False,False,True,False,False,False,True,True,True,1
IBRX,False,False,False,True,False,False,False,True,True,False,1
HCAT,False,False,False,True,False,False,False,False,True,True,1
ASTI,False,False,True,True,False,True,False,False,False,True,2
PTON,False,False,True,True,False,True,False,True,True,True,2
OCGN,False,False,False,True,False,False,False,True,True,True,1
CLAR,False,False,False,True,False,False,False,True,True,True,1
PLTK,False,True,False,True,False,False,False,True,True,False,2
PEPG,False,True,False,True,False,False,False,False,True,False,2
INO,False,True,True,True,True,False,False,True,False,False,3
SKYX,False,False,False,True,False,False,False,True,True,False,1
FNKO,False,True,False,True,False,False,False,True,True,True,2
MIND,False,False,False,True,False,False,False,True,True,False,1
ELME,False,True,False,True,False,False,False,False,True,True,2
KOS,False,True,False,True,False,False,False,False,True,False,2
SRG,False,True,True,True,True,False,False,True,False,True,3
PSIG,False,False,False,True,False,False,False,False,True,True,1
DTIL,False,True,False,True,False,False,False,True,True,False,2
EMPD,False,True,False,False,False,False,False,False,False,False,1
IMDX,False,False,False,True,False,False,False,True,False,True,1
HDSN,True,True,False,True,False,False,False,True,True,True,2
RWT,True,True,False,True,False,False,False,True,True,False,2
AIFF,False,True,False,False,False,False,False,False,False,False,1
SNWV,False,True,False,False,False,False,False,False,False,False,1
ATLX,False,False,False,True,False,False,False,False,False,True,1
LXRX,False,False,False,True,False,False,False,False,True,True,1
NB,False,True,False,False,False,False,False,False,False,False,1
GANX,False,False,False,True,False,False,False,True,False,False,1
ORMP,False,True,False,True,False,False,False,True,True,True,2
MPT,False,False,False,True,False,False,False,True,True,False,1
IFRX,False,False,False,True,False,False,False,False,True,True,1
RPAY,False,False,True,True,False,True,False,True,True,True,2
ICL,False,False,False,True,False,False,False,True,True,True,1
CTKB,False,False,False,True,False,False,False,True,True,True,1
SJT,False,True,True,False,False,True,False,False,False,False,2
KRO,False,True,False,True,False,False,False,True,True,False,2
ARRY,False,True,False,True,False,False,False,False,False,True,2
BBBY,False,False,True,True,False,True,False,True,False,True,2
BMEA,False,False,False,True,False,False,False,True,True,True,1
WIMI,True,True,False,True,False,False,False,True,False,False,2
ADCT,False,False,False,True,False,False,False,False,True,True,1
AQN,False,True,False,True,False,False,False,True,True,False,2
NAGE,False,False,False,True,False,False,False,True,False,False,1
MYSE,False,False,False,True,False,False,False,False,True,True,1
ARI,False,True,False,False,False,False,False,False,False,False,1
NVNI,False,False,False,True,False,False,False,False,True,False,1
BDMD,False,False,False,True,False,False,False,False,True,True,1
WBX,False,True,False,False,False,False,False,False,False,False,1
EVH,False,True,False,False,False,False,False,False,False,False,1
LDI,False,True,True,True,True,False,False,True,False,True,3
CXDO,False,True,False,True,False,False,False,True,False,True,2
PRLD,False,True,True,True,False,True,False,True,False,False,3
WTI,False,False,True,True,False,False,True,True,True,False,2
ASPI,False,False,False,True,False,False,False,False,False,True,1
CHR,False,False,True,True,False,False,True,False,False,True,2
TLIH,False,False,False,True,False,False,False,False,True,True,1
TMCI,False,False,False,True,False,False,False,False,False,True,1
BDTX,False,True,False,True,False,False,False,False,True,True,2
KRMD,False,True,False,True,False,False,False,True,False,False,2
AVD,False,True,False,True,False,False,False,True,False,False,2
TRON,False,False,False,True,False,False,False,False,True,True,1
LPRO,False,True,False,True,False,False,False,False,True,True,2
CYN,False,True,False,False,False,False,False,False,False,False,1
SST,False,False,False,False,False,False,False,False,False,False,0
INGN,False,False,False,True,False,False,False,True,False,True,1
CV,False,True,False,True,False,False,False,True,True,False,2
LNKS,False,False,False,True,False,False,False,False,False,True,1
CVGI,False,False,False,True,False,False,False,True,False,True,1
AIRJ,False,True,True,False,False,True,True,False,False,False,2
BNGO,False,False,False,True,False,False,False,True,False,False,1
BRAI,True,True,False,True,False,False,False,False,False,True,2
CMTL,False,False,False,True,False,False,False,False,False,True,1
LZMH,False,False,False,True,False,False,False,False,False,True,1
OPTX,False,True,False,True,False,False,False,False,False,True,2
PZG,False,False,False,True,False,False,False,True,False,False,1
XXI,True,True,False,False,False,False,False,False,False,False,1
ANGI,False,True,False,True,False,False,False,True,True,True,2
TROX,False,False,False,True,False,False,False,False,False,True,1
IMSR,False,False,True,True,False,True,False,False,False,True,2
BCTX,False,False,False,True,False,False,False,True,True,True,1
QCLS,False,True,False,True,False,False,False,False,False,True,2
AREN,False,False,True,True,False,False,True,False,True,False,2
SBET,False,False,False,True,False,False,False,False,True,False,1
DSY,False,True,False,True,False,False,False,False,True,True,2
NCRA,False,True,True,False,True,False,True,False,False,False,2
NPWR,False,False,False,True,False,False,False,False,False,True,1
EPRX,True,True,False,True,False,False,False,True,False,False,2
LTRX,False,False,False,True,False,False,False,False,False,True,1
LZM,False,False,True,True,False,True,False,False,False,True,2
YAAS,False,True,True,False,False,True,True,False,False,False,2
BIRD,False,False,False,True,False,False,False,False,False,True,1
NYXH,False,False,False,True,False,False,False,False,False,True,1
LENZ,False,True,True,False,True,False,True,False,False,False,2
EDSA,False,True,False,True,False,False,False,False,False,True,2
GRNT,False,False,False,True,False,False,False,True,True,True,1
STEM,False,True,False,True,False,False,False,False,False,True,2
ACH,False,False,False,True,False,False,False,True,True,False,1
PLYX,False,False,False,True,False,False,False,False,False,True,1
IRD,False,False,True,False,True,True,True,False,False,False,1
CRCT,False,False,True,True,False,True,True,True,False,False,2
DWSN,False,True,False,False,False,False,False,False,False,False,1
TYGO,False,False,False,False,False,False,False,False,False,False,0
ASLE,False,False,True,True,False,True,False,True,False,False,2
WNW,False,False,False,True,False,False,False,False,False,True,1
FWDI,False,True,False,True,False,False,False,True,True,False,2
OSG,False,False,False,True,False,False,False,True,False,True,1
JFB,False,False,False,False,False,False,False,False,False,False,0
MLGO,False,False,False,True,False,False,False,False,True,True,1
AIV,False,False,False,True,False,False,False,False,False,True,1
BTGO,False,False,False,True,False,False,False,False,False,True,1
EMAT,False,False,False,True,False,False,False,False,False,True,1
SPWH,False,False,False,True,False,False,False,True,False,True,1
SHIM,False,True,True,True,False,True,False,False,True,True,3
QUCY,False,False,True,True,False,True,False,False,False,True,2
PACK,False,True,False,True,False,False,False,True,False,False,2
NMG,False,False,True,False,True,False,False,False,False,False,1
ORGO,False,False,True,True,False,True,False,True,True,False,2
EOSE,False,True,False,True,False,False,False,False,False,True,2
INV,False,False,False,False,False,False,False,False,False,False,0
PGEN,False,False,False,True,False,False,False,False,True,True,1
AHMA,False,True,False,True,False,False,False,False,False,True,2
FRMM,False,True,False,True,False,False,False,False,True,False,2
KEEL,False,False,False,False,False,False,False,False,False,False,0
NCT,False,False,True,True,False,True,False,False,True,True,2
BRBS,False,False,False,True,False,False,False,True,True,False,1
AGEN,False,True,False,True,False,False,False,False,True,False,2
HOVR,False,False,True,True,True,False,False,False,False,True,2
SABR,False,False,False,True,False,False,False,True,False,True,1
RPGL,False,True,True,True,False,False,True,False,False,True,3
DDD,False,False,False,True,False,False,False,False,False,True,1
EVEX,False,False,False,True,False,False,False,True,False,False,1
ALTO,False,True,False,True,False,False,False,True,False,False,2
NWL,False,False,False,True,False,False,False,False,True,True,1
SNAP,False,False,False,True,False,False,False,True,True,True,1
GLBS,False,True,False,True,False,False,False,False,True,False,2
VTEX,False,False,True,True,False,True,False,True,True,False,2
INSE,False,False,True,True,False,True,False,True,False,False,2
WALD,False,True,False,True,False,False,False,False,True,True,2
CHGG,False,True,True,True,False,False,True,False,False,True,3
AREC,False,True,True,True,False,True,False,False,False,True,3
JOBY,False,True,False,False,False,False,False,False,False,False,1
INVE,True,True,False,True,False,False,False,False,True,True,2
JBI,False,False,False,True,False,False,False,True,True,True,1
CHPT,False,False,False,True,False,False,False,False,False,True,1
MNTK,False,True,True,True,False,False,True,True,True,True,3
LGCL,False,True,True,True,False,True,False,False,True,False,3
CNET,False,True,True,False,False,True,False,False,False,False,2
CTNT,False,True,True,False,False,False,True,False,False,False,2
ABR,False,True,False,True,False,False,False,False,True,True,2
RXT,False,True,False,True,False,False,False,False,False,True,2
INTR,False,False,False,True,False,False,False,True,True,True,1
AKBA,False,False,False,True,False,False,False,False,True,True,1
HSCS,False,True,False,True,False,False,False,False,True,True,2
NGEN,False,False,False,True,False,False,False,False,False,True,1
FTCI,False,True,False,True,False,False,False,False,False,True,2
FEAM,False,True,True,True,False,True,False,False,False,True,3
AZI,False,False,False,True,False,False,False,False,True,True,1
TOYO,False,False,False,True,False,False,False,False,False,True,1
UP,False,False,False,True,False,False,False,False,False,True,1
OPK,True,True,True,True,True,True,True,True,False,False,3
TE,False,False,False,True,False,False,False,False,False,True,1
HRZN,False,False,False,True,False,False,False,True,True,True,1
SIGA,True,True,True,True,True,True,False,True,False,False,3
ACCO,False,False,True,True,False,True,True,True,True,False,2
HCTI,True,True,False,False,False,False,False,False,False,False,1
TRDA,False,False,False,True,False,False,False,False,False,True,1
NUCL,False,False,True,False,True,True,False,False,False,False,1
TASK,False,True,False,True,False,False,False,True,True,False,2
ABSI,False,False,False,True,False,False,False,False,False,True,1
BOLD,False,False,False,True,False,False,False,False,True,True,1
ISPR,False,False,False,True,False,False,False,False,True,False,1
SMSI,False,False,False,True,False,False,False,False,False,True,1
SSP,False,False,False,True,False,False,False,False,True,False,1
NMRA,False,False,True,True,False,True,False,False,True,True,2
UCAR,False,True,False,False,False,False,False,False,False,False,1
AIOT,False,False,False,True,False,False,False,True,True,False,1
ASPN,False,True,False,True,False,False,False,False,False,True,2
LTRN,False,True,False,False,False,False,False,False,False,False,1
AUUD,False,True,False,True,False,False,False,False,False,True,2
OTLK,False,True,False,True,False,False,False,False,False,True,2
VRA,False,False,False,True,False,False,False,True,False,True,1
TDIC,False,True,False,True,False,False,False,False,False,True,2
ACHV,False,True,False,True,False,False,False,True,True,True,2
VUZI,False,False,False,True,False,False,False,False,False,True,1
AVIR,True,True,False,True,False,False,False,True,True,True,2
SANA,False,False,False,True,False,False,False,True,True,False,1
ANIX,False,True,False,True,False,False,False,True,True,False,2
NUS,False,False,False,True,False,False,False,True,True,False,1
APWC,False,False,False,True,False,False,False,True,True,True,1
EXFY,False,False,False,True,False,False,False,False,True,True,1
DTI,True,True,False,True,False,False,False,False,True,True,2
BLND,False,False,False,True,False,False,False,True,True,True,1
GCTS,False,False,False,True,False,False,False,False,False,True,1
BKKT,False,False,False,True,False,False,False,False,False,True,1
ALLR,False,True,False,True,False,False,False,True,True,True,2
FIP,True,True,False,True,False,False,False,True,False,True,2
CAMP,False,False,True,True,True,False,False,True,False,False,2
EDUC,False,True,False,True,False,False,False,True,False,False,2
DNUT,False,False,False,True,False,False,False,True,False,True,1
ALT,True,True,False,True,False,False,False,True,True,True,2
FLWS,False,False,False,True,False,False,False,True,True,True,1
WHWK,True,True,False,True,False,False,False,True,False,True,2
CUPR,False,False,False,True,False,False,False,False,False,True,1
UPB,True,True,False,True,False,False,False,True,True,True,2
AMBP,False,True,True,True,False,True,False,True,True,False,3
ONEG,False,False,False,True,False,False,False,False,False,True,1
NCMI,False,False,False,True,False,False,False,True,True,True,1
GTM,False,False,False,True,False,False,False,False,True,True,1
ZVIA,False,False,False,True,False,False,False,False,True,True,1
ANGX,False,False,False,True,False,False,False,False,True,True,1
PNBK,False,True,False,True,False,False,False,True,True,False,2
TPVG,False,True,True,True,False,True,False,True,False,False,3
ACRV,False,True,False,True,False,False,False,True,False,False,2
ANNA,False,True,False,True,False,False,False,True,True,False,2
AMTX,False,False,False,False,False,False,False,False,False,False,0
CDXS,False,True,False,False,False,False,False,False,False,False,1
OVID,False,False,False,True,False,False,False,True,True,True,1
NAUT,False,True,False,False,False,False,False,False,False,False,1
GAIA,False,True,False,True,False,False,False,False,False,True,2
SGHT,False,True,False,True,False,False,False,True,False,True,2
VOXR,False,False,True,True,True,True,False,True,False,True,2
BHC,True,False,False,True,False,False,False,True,False,True,1
ABUS,False,True,False,True,False,False,False,True,False,False,2
ABAT,False,False,False,True,False,False,False,False,False,True,1
SNTG,False,True,False,True,False,False,False,True,False,True,2
ETS,False,True,False,True,False,False,False,False,True,False,2
HKIT,False,False,False,True,False,False,False,False,False,True,1
RXRX,False,False,False,True,False,False,False,True,False,False,1
HOUR,False,True,False,True,False,False,False,True,False,True,2
KSCP,False,True,True,False,True,True,False,False,False,False,2
WETH,False,False,False,True,False,False,False,False,True,False,1
EOLS,False,False,True,True,True,False,False,True,False,False,2
TKNO,False,True,False,True,False,False,False,False,True,True,2
SHMD,False,False,False,False,False,False,False,False,False,False,0
NTCL,False,True,False,True,False,False,False,False,False,True,2
IRWD,False,True,False,True,False,False,False,True,True,False,2
GTN,False,False,False,True,False,False,False,True,True,True,1
CLVT,True,True,True,True,False,False,True,True,True,False,3
ZURA,False,False,False,True,False,False,False,False,True,False,1
CCHH,False,True,True,False,False,True,False,False,False,False,2
LFCR,False,False,False,True,False,False,False,True,False,True,1
BDN,False,True,False,True,False,False,False,True,False,False,2
EVGO,False,True,True,False,True,False,False,False,False,False,2
BRSP,True,True,False,True,False,False,False,True,False,False,2
AIRS,False,False,False,True,False,False,False,False,True,True,1
POET,False,False,False,True,False,False,False,False,False,True,1
ELDN,False,False,False,True,False,False,False,True,False,False,1
INBS,False,True,False,True,False,False,False,False,False,True,2
MGX,False,True,False,True,False,False,False,True,True,False,2
IDN,False,False,True,True,False,True,False,False,False,True,2
ENGN,False,False,False,True,False,False,False,False,True,True,1
CD,False,False,False,True,False,False,False,False,False,True,1
VLN,False,False,False,True,False,False,False,False,False,True,1
PDYN,False,False,True,True,False,True,False,False,False,True,2
ALZN,False,True,False,True,False,False,False,True,True,True,2
JEM,False,True,True,False,False,True,True,False,False,False,2
MSAI,False,False,False,True,False,False,False,True,False,False,1
AFCG,False,False,False,True,False,False,False,True,False,True,1
CNTB,False,True,False,True,False,False,False,True,True,False,2
SOC,False,True,True,True,True,False,False,False,True,True,3
HIT,False,False,False,True,False,False,False,False,True,True,1
AKAN,False,True,False,True,False,False,False,False,False,True,2
NKLR,True,True,False,True,False,False,False,True,True,False,2
MBI,True,True,False,True,False,False,False,True,False,True,2
SOWG,False,False,False,True,False,False,False,False,True,True,1
HITI,False,False,False,True,False,False,False,True,False,True,1
LXEO,False,True,False,True,False,False,False,True,False,False,2
UK,False,False,False,True,False,False,False,False,False,True,1
FHTX,False,True,False,True,False,False,False,False,True,False,2
SSTK,False,True,False,False,False,False,False,False,False,False,1
CRDL,True,True,False,True,False,False,False,True,True,False,2
VTIX,False,True,False,False,False,False,False,False,False,False,1
SITC,False,True,False,True,False,False,False,True,True,False,2
AMCI,False,True,False,True,False,False,False,True,True,False,2
BAER,False,True,True,True,False,True,False,True,True,True,3
RCAT,False,False,False,True,False,False,False,False,False,True,1
AUNA,False,False,False,True,False,False,False,True,False,True,1
EPSM,False,False,True,True,False,True,False,False,False,True,2
DLTH,False,False,False,True,False,False,False,False,False,True,1
NAT,False,False,False,True,False,False,False,True,True,True,1
IMRX,False,False,False,True,False,False,False,True,False,True,1
BHR,False,True,True,True,False,False,True,True,True,True,3
FOSL,False,True,True,True,False,True,True,True,False,True,3
VNCE,False,False,False,True,False,False,False,False,False,True,1
SATL,False,False,True,True,False,True,False,False,False,True,2
MX,False,False,True,True,False,True,False,False,False,True,2
CRNT,False,True,False,True,False,False,False,True,False,True,2
LAC,False,True,True,True,False,True,False,False,False,True,3
ACIU,False,True,True,True,False,True,False,True,False,False,3
OKUR,False,False,False,True,False,False,False,True,False,True,1
FPH,False,True,True,True,False,True,False,True,True,False,3
CCCC,False,True,False,True,False,False,False,True,False,True,2
SLXN,False,True,False,True,False,False,False,False,False,True,2
LSTA,False,True,False,False,False,False,False,False,False,False,1
EHTH,False,False,False,True,False,False,False,True,False,False,1
XFOR,True,False,True,True,False,True,False,True,False,False,2
UWMC,False,False,True,False,True,False,False,False,False,False,1
GEOS,False,False,False,True,False,False,False,True,True,True,1
TDTH,False,True,False,True,False,False,False,False,True,False,2
CBUS,False,True,False,True,False,False,False,False,True,False,2
CRIS,False,False,True,True,False,True,False,False,True,True,2
KLTR,False,True,True,True,False,False,True,True,True,False,3
XPOF,False,False,False,True,False,False,False,True,False,True,1
PURR,False,False,False,True,False,False,False,False,False,True,1
IQST,False,True,True,True,False,True,False,False,True,False,3
LUNG,False,False,False,True,False,False,False,True,False,False,1
IAUX,False,False,False,True,False,False,False,True,False,False,1
DOMO,False,True,False,True,False,False,False,False,True,True,2
SOPH,False,True,False,True,False,False,False,True,True,False,2
TBLA,False,False,False,True,False,False,False,True,True,True,1
ECOR,False,True,True,True,False,True,False,False,False,True,3
NXDR,False,False,False,True,False,False,False,True,True,True,1
AUR,False,True,False,True,False,False,False,True,False,False,2
CLPR,False,False,False,True,False,False,False,True,True,True,1
CMTG,False,False,False,True,False,False,False,True,False,True,1
ONL,False,False,False,True,False,False,False,True,False,True,1
ASTL,False,True,True,True,True,False,True,False,True,False,3
ATPC,False,True,False,True,False,False,False,False,False,True,2
CAST,False,False,False,True,False,False,False,False,False,True,1
CODX,False,True,False,True,False,False,False,False,False,True,2
LHSW,False,True,False,True,False,False,False,False,True,False,2
ACTU,False,True,False,False,False,False,False,False,False,False,1
GALT,False,True,False,True,False,False,False,False,True,False,2
NAKA,False,False,False,True,False,False,False,False,True,False,1
CURV,False,False,False,True,False,False,False,False,True,True,1
BRCC,False,True,False,False,False,False,False,False,False,False,1
BUR,False,False,True,True,False,True,False,True,False,True,2
BZFD,False,True,False,True,False,False,False,False,False,True,2
MTVA,False,True,False,True,False,False,False,False,False,True,2
CURR,False,True,False,True,False,False,False,False,True,True,2
CIA,False,True,True,True,True,False,False,True,False,True,3
VRAX,False,True,False,True,False,False,False,False,True,False,2
QTRX,False,False,False,True,False,False,False,False,True,True,1
VSTM,False,False,False,True,False,False,False,False,True,False,1
EGY,False,False,False,True,False,False,False,True,True,False,1
CCLD,False,False,True,True,False,True,True,True,True,True,2
LRMR,False,False,False,True,False,False,False,True,True,False,1
SNOA,False,False,False,True,False,False,False,True,False,True,1
FMST,False,True,False,True,False,False,False,True,False,False,2
XTIA,False,False,False,True,False,False,False,True,True,True,1
GDC,False,True,False,True,False,False,False,False,True,True,2
JBLU,True,True,True,True,False,True,False,True,False,False,3
RIG,True,True,False,True,False,False,False,True,True,True,2
ATOS,False,True,False,True,False,False,False,False,True,True,2
TOI,False,True,False,False,False,False,False,False,False,False,1
DMAC,True,True,False,True,False,False,False,True,True,False,2
DCH,False,False,False,True,False,False,False,True,True,True,1
HTCO,False,False,True,True,False,False,True,False,False,True,2
ZYBT,False,True,False,True,False,False,False,False,True,False,2
COUR,False,True,True,True,False,True,True,True,True,True,3
CHMI,False,True,False,True,False,False,False,True,False,True,2
JLHL,False,True,False,True,False,False,False,False,True,False,2
VFS,False,True,False,True,False,False,False,True,False,False,2
ENGS,True,True,False,True,False,False,False,False,True,False,2
ABOS,False,False,False,True,False,False,False,True,False,False,1
TTGT,False,True,True,False,False,True,True,False,False,False,2
DMRC,False,False,True,True,True,False,False,False,False,True,2
TGEN,False,True,False,True,False,False,False,False,False,True,2
TLYS,False,False,False,True,False,False,False,True,False,True,1
BTMD,True,True,False,True,False,False,False,True,True,False,2
HYPD,False,False,False,True,False,False,False,False,False,True,1
FF,False,False,False,True,False,False,False,True,True,True,1
BGS,False,False,True,True,True,True,False,True,False,True,2
CCC,False,False,False,True,False,False,False,True,True,False,1
CVV,False,False,False,True,False,False,False,True,False,True,1
NG,True,True,True,False,True,True,True,False,False,False,2
BMM,False,True,False,True,False,False,False,True,False,True,2
CRML,False,False,False,False,False,False,False,False,False,False,0
SND,False,False,False,True,False,False,False,True,False,False,1
CSHR,False,False,False,True,False,False,False,False,True,True,1
KLXE,False,False,False,True,False,False,False,False,False,True,1
ACDC,False,True,False,False,False,False,False,False,False,False,1
PEW,False,True,False,True,False,False,False,True,True,False,2
IKT,False,True,False,True,False,False,False,True,True,False,2
RGC,False,True,True,False,False,False,True,False,False,False,2
SKYQ,False,True,False,True,False,False,False,False,True,False,2
CWH,False,False,True,True,False,True,False,True,False,False,2
APYX,False,False,False,True,False,False,False,False,False,True,1
BIVI,False,True,False,False,False,False,False,False,False,False,1
LUMN,False,False,False,True,False,False,False,False,False,True,1
NUWE,False,True,False,True,False,False,False,False,False,True,2
WKHS,False,True,True,True,False,False,True,False,True,True,3
GMEX,False,True,False,False,False,False,False,False,False,False,1
INMB,False,True,False,True,False,False,False,False,True,False,2
KGEI,False,True,False,True,False,False,False,True,True,False,2
WLDS,False,True,True,False,True,False,True,False,False,False,2
JRVR,False,False,False,True,False,False,False,False,True,True,1
EVLV,True,True,False,True,False,False,False,True,True,False,2
ENLV,False,True,False,False,False,False,False,False,False,False,1
ALTG,False,False,False,True,False,False,False,False,False,True,1
FATN,False,False,True,True,False,True,True,False,False,True,2
AIHS,False,True,True,True,False,True,False,True,False,False,3
HCAI,False,False,False,True,False,False,False,False,False,True,1
ICCM,False,False,False,True,False,False,False,False,True,True,1
RR,False,False,False,True,False,False,False,False,False,True,1
SPCE,False,False,False,True,False,False,False,False,True,True,1
GRCE,True,True,False,True,False,False,False,True,False,False,2
EU,True,False,False,True,False,False,False,False,False,True,1
ORC,True,True,False,True,False,False,False,True,False,False,2
OSUR,False,False,False,True,False,False,False,True,False,True,1
WXM,False,True,False,True,False,False,False,False,True,True,2
BRR,False,True,False,True,False,False,False,False,True,False,2
III,False,False,True,True,False,True,False,True,False,False,2
CVRX,False,True,False,True,False,False,False,False,False,True,2
CABA,False,False,False,True,False,False,False,True,False,True,1
TONX,False,True,False,True,False,False,False,False,True,True,2
FULC,False,False,False,True,False,False,False,False,True,True,1
PPSI,False,False,False,True,False,False,False,False,False,True,1
LVWR,False,True,True,True,True,False,False,False,True,False,3
BYRN,True,True,True,False,True,True,True,False,False,False,2
RVSB,False,False,True,True,False,True,False,True,False,True,2
PCT,False,False,True,True,False,True,False,False,False,True,2
CNDT,False,False,True,True,False,True,False,True,True,True,2
GDRX,False,False,True,True,False,True,False,True,True,True,2
UNCY,False,True,False,True,False,False,False,False,True,True,2
ZIP,False,True,True,True,False,True,False,True,True,True,3
CTMX,False,False,False,True,False,False,False,True,True,True,1
ANVS,False,False,False,True,False,False,False,True,True,True,1
DGNX,False,True,False,True,False,False,False,False,True,True,2
HFFG,False,True,False,True,False,False,False,True,True,False,2
STAK,False,True,True,False,False,True,True,False,False,False,2
PLRX,False,True,False,True,False,False,False,True,False,False,2
KPTI,False,True,False,True,False,False,False,True,False,False,2
RLMD,False,False,False,True,False,False,False,True,False,False,1
DFLI,False,False,False,True,False,False,False,False,False,True,1
CGEN,False,False,False,True,False,False,False,True,True,False,1
STKE,False,True,False,True,False,False,False,False,True,False,2
RDNW,False,True,True,True,False,False,True,True,True,True,3
EMBC,False,False,False,True,False,False,False,False,True,True,1
QNTM,False,False,True,True,False,True,False,False,False,True,2
MASK,False,False,True,True,False,True,False,False,False,True,2
CANG,False,True,False,True,False,False,False,False,False,True,2
NRGV,False,False,False,False,False,False,False,False,False,False,0
OLOX,False,False,False,True,False,False,False,False,False,True,1
TVRD,False,True,False,True,False,False,False,False,True,False,2
MDAI,False,False,False,True,False,False,False,False,False,True,1
DFDV,False,False,False,True,False,False,False,False,True,True,1
EQ,False,True,False,True,False,False,False,False,False,True,2
DHX,False,False,False,True,False,False,False,False,True,True,1
AIMD,False,False,False,True,False,False,False,False,False,True,1
MGNX,False,True,False,False,False,False,False,False,False,False,1
ALGS,False,True,False,False,False,False,False,False,False,False,1
OBIO,False,False,True,True,False,True,False,True,False,True,2
AIRO,False,False,False,True,False,False,False,False,True,False,1
GITS,False,False,False,True,False,False,False,False,True,True,1
PRQR,False,True,False,True,False,False,False,True,True,True,2
GFR,False,False,False,True,False,False,False,True,True,False,1
FSCO,False,False,False,True,False,False,False,True,True,True,1
GLOO,False,True,False,True,False,False,False,False,True,False,2
CYH,False,True,False,True,False,False,False,True,False,False,2
HIHO,False,True,False,False,False,False,False,False,False,False,1
JELD,True,False,True,True,False,True,False,False,False,True,2
TELO,False,False,True,True,True,True,True,True,False,False,2
WVE,False,False,True,True,False,True,False,True,False,False,2
TCPC,False,False,False,True,False,False,False,True,False,False,1
FLL,False,False,False,True,False,False,False,True,False,True,1
EVTL,False,False,False,False,False,False,False,False,False,False,0
JTAI,False,True,False,False,False,False,False,False,False,False,1
GPMT,False,True,False,True,False,False,False,True,True,True,2
SKK,False,False,False,True,False,False,False,False,True,True,1
FNUC,False,False,False,False,False,False,False,False,False,False,0
KLRS,False,True,False,False,False,False,False,False,False,False,1
PACB,False,False,False,True,False,False,False,True,True,True,1
ALTI,False,True,False,True,False,False,False,True,True,False,2
SPAI,False,False,False,True,False,False,False,False,False,True,1
TALK,False,False,False,True,False,False,False,True,True,False,1
MRVI,False,True,False,True,False,False,False,False,True,True,2
ILLR,False,False,False,True,False,False,False,False,True,True,1
EGHT,False,True,True,False,False,True,True,False,False,False,2
ESRT,False,True,True,True,False,True,False,True,True,True,3
CLNN,False,True,False,True,False,False,False,False,False,True,2
LNZA,False,False,False,True,False,False,False,False,False,True,1
OXSQ,False,False,False,True,False,False,False,False,True,True,1
ANNX,False,True,False,True,False,False,False,True,True,False,2
WOK,False,True,False,True,False,False,False,False,False,True,2
CLWT,False,False,False,True,False,False,False,False,True,True,1
EGAN,False,False,True,True,False,False,True,True,True,True,2
FATE,False,False,False,True,False,False,False,False,True,True,1
BFRI,False,True,True,True,False,True,False,True,True,True,3
XELB,False,False,False,False,False,False,False,False,False,False,0
HLLY,False,False,False,True,False,False,False,True,True,True,1
YYGH,True,True,True,True,False,False,True,False,False,True,3
ZJYL,False,False,False,True,False,False,False,False,True,True,1
UPC,False,True,False,True,False,False,False,False,True,True,2
DCOY,False,True,False,True,False,False,False,False,False,True,2
GMM,True,True,True,True,True,False,False,False,True,False,3
GNSS,False,True,True,True,False,True,False,True,True,False,3
CNSP,False,False,False,True,False,False,False,False,True,True,1
TWAV,False,True,False,True,False,False,False,False,False,True,2
ZCMD,False,True,False,True,False,False,False,False,True,False,2
CGTL,False,False,False,True,False,False,False,False,True,True,1
GLXG,False,True,True,True,False,False,True,False,False,True,3
BOXL,False,False,False,True,False,False,False,False,False,True,1
CLIK,False,True,False,True,False,False,False,False,True,False,2
CPIX,False,True,False,True,False,False,False,False,True,False,2
WPRT,False,False,False,True,False,False,False,True,False,True,1
SLMT,False,True,False,False,False,False,False,False,False,False,1
AXIL,False,False,True,True,False,True,False,True,True,False,2
PAPL,False,True,True,False,False,True,True,False,False,False,2
ODYS,False,False,False,True,False,False,False,True,True,False,1
RYET,False,False,False,True,False,False,False,True,True,True,1
EEIQ,False,False,False,True,False,False,False,False,False,True,1
EDHL,False,False,False,True,False,False,False,False,True,True,1
INM,False,True,True,True,False,False,True,False,True,True,3
MBRX,False,True,False,False,False,False,False,False,False,False,1
LINK,False,False,False,True,False,False,False,False,True,True,1
MNDR,False,True,False,False,False,False,False,False,False,False,1
PODC,False,False,False,True,False,False,False,True,False,False,1
ZDAI,False,False,False,True,False,False,False,False,False,True,1
YHC,False,True,False,True,False,False,False,False,False,True,2
CHSN,False,True,False,True,False,False,False,False,True,True,2
DYAI,False,True,False,True,False,False,False,False,True,False,2
LICN,False,True,True,True,False,False,True,False,False,True,3
PYPD,True,True,False,True,False,False,False,True,False,False,2
CRE,False,True,False,True,False,False,False,False,False,True,2
ADIL,False,True,True,True,False,True,False,False,True,True,3
SHPH,False,True,False,False,False,False,False,False,False,False,1
CLRB,False,False,False,True,False,False,False,True,False,True,1
PERF,False,True,False,True,False,False,False,True,True,False,2
NXTS,False,True,False,True,False,False,False,False,False,True,2
PLBL,False,True,False,False,False,False,False,False,False,False,1
SPHL,False,True,False,True,False,False,False,False,False,True,2
RGNT,False,False,False,True,False,False,False,False,False,True,1
OXBR,False,False,False,True,False,False,False,False,True,False,1
YMAT,False,False,False,True,False,False,False,False,False,True,1
CINT,False,True,True,True,False,True,False,True,False,False,3
ZTG,True,True,False,True,False,False,False,False,True,False,2
LGHL,False,True,True,False,False,True,False,False,False,False,2
UONE,False,False,False,True,False,False,False,False,True,True,1
XCUR,False,True,False,False,False,False,False,False,False,False,1
DCX,True,True,True,False,True,False,True,False,False,False,2
LEDS,False,True,False,True,False,False,False,False,True,False,2
SLE,False,False,False,True,False,False,False,False,False,True,1
JZXN,False,True,False,True,False,False,False,False,True,False,2
SPPL,False,False,False,True,False,False,False,True,False,True,1
JBDI,True,True,False,True,False,False,False,False,True,False,2
USIO,True,True,False,True,False,False,False,False,True,False,2
GOAI,False,True,False,True,False,False,False,False,False,True,2
HWH,False,True,True,True,False,True,False,False,True,False,3
INLF,False,True,True,True,False,False,True,False,False,True,3
GDHG,False,False,False,True,False,False,False,False,True,True,1
RYOJ,False,False,True,True,False,True,False,False,True,True,2
GRAN,False,False,False,False,False,False,False,False,False,False,0
KXIN,False,True,False,True,False,False,False,True,True,False,2
PETZ,False,True,True,True,False,True,False,False,False,True,3
STFS,False,True,True,False,True,False,True,False,False,False,2
